,,Mass
Time,File  W: AS ,File R: Mass 
min,rpm,g
0.016,0.5,1284.1
0.05,0.5,1284.1
0.083,0.5,1284
0.117,0.5,1284
0.15,0.5,1284
0.183,0.5,1284
0.216,0.5,1284
0.25,0.5,1284
0.283,0.5,1284.1
0.317,0.5,1284
0.35,0.5,1284
0.383,0.5,1284
0.417,0.5,1284.1
0.55,0.5,1284
0.583,0.5,1284
0.617,0.5,1284
0.65,0.5,1284
0.683,0.5,1284
0.716,0.5,1284
0.75,0.5,1284
0.783,0.5,1284
0.817,0.5,1284
0.85,0.5,1284
0.883,0.5,1284
0.916,0.5,1284
0.95,0.5,1284
0.983,0.5,1284
1.016,0.5,1284
1.05,0.5,1284
1.083,0.5,1284
1.117,0.5,1284
1.15,0.5,1284
1.183,0.5,1284
1.216,0.5,1284
1.25,0.5,1284
1.283,0.5,1284
1.317,0.5,1284
1.35,0.5,1283.9
1.383,0.5,1284
1.417,0.5,1284
1.45,0.5,1283.9
1.483,0.5,1283.9
1.517,0.5,1283.9
1.55,0.5,1283.9
1.583,0.5,1283.9
1.617,0.5,1283.9
1.65,0.5,1283.9
1.683,0.5,1283.9
1.717,0.5,1283.9
1.75,0.5,1283.9
1.783,0.5,1283.9
1.817,0.5,1283.9
1.85,0.5,1283.9
1.883,0.5,1283.9
1.917,0.5,1283.9
1.95,0.5,1283.9
1.983,0.5,1283.8
2.017,0.5,1283.8
2.05,0.5,1283.8
2.083,0.5,1283.8
2.116,0.5,1283.8
2.15,0.5,1283.8
2.183,0.5,1283.8
2.217,0.5,1283.8
2.25,0.5,1283.8
2.283,0.5,1283.8
2.316,0.5,1283.8
2.35,0.5,1283.8
2.383,0.5,1283.8
2.416,0.5,1283.8
2.45,0.5,1283.8
2.483,0.5,1283.8
2.516,0.5,1283.8
2.55,0.5,1283.7
2.583,0.5,1283.7
2.616,0.5,1283.8
2.65,0.5,1283.8
2.683,0.5,1283.8
2.717,0.5,1283.7
2.75,0.5,1283.8
2.783,0.5,1283.8
2.817,0.5,1283.7
2.85,0.5,1283.7
2.883,0.5,1283.7
2.917,0.5,1283.7
2.95,0.5,1283.7
2.983,0.5,1283.7
3.016,0.5,1283.8
3.05,0.5,1283.7
3.083,0.5,1283.7
3.117,0.5,1283.8
3.15,0.5,1283.7
3.183,0.5,1283.7
3.217,0.5,1283.8
3.25,0.5,1283.8
3.283,0.5,1283.7
3.317,0.5,1283.7
3.35,0.5,1283.7
3.383,0.5,1283.7
3.417,0.5,1283.7
3.45,0.5,1283.7
3.483,0.5,1283.7
3.517,0.5,1283.7
3.55,0.5,1283.7
3.583,0.5,1283.7
3.617,0.5,1283.7
3.65,0.5,1283.7
3.683,0.5,1283.7
3.717,0.5,1283.7
3.75,0.5,1283.7
3.783,0.5,1283.7
3.817,0.5,1283.6
3.85,0.5,1283.6
3.883,0.5,1283.7
3.917,0.5,1283.7
3.95,0.5,1283.7
3.983,0.5,1283.7
4.017,0.5,1283.6
4.05,0.5,1283.6
4.083,0.5,1283.6
4.117,0.5,1283.7
4.15,0.5,1283.7
4.183,0.5,1283.6
4.217,0.5,1283.6
4.25,0.5,1283.6
4.283,0.5,1283.6
4.317,0.5,0
4.35,0.5,1283.6
4.383,0.5,1283.7
4.417,0.5,1283.7
4.45,0.5,1283.7
4.483,0.5,1283.6
4.517,0.5,1283.6
4.55,0.5,1283.6
4.583,0.5,1283.6
4.617,0.5,1283.6
4.65,0.5,1283.6
4.683,0.5,1283.6
4.717,0.5,1283.6
4.75,0.5,1283.6
4.783,0.5,1283.6
4.817,0.5,1283.6
4.85,0.5,1283.6
4.883,0.5,1283.6
4.917,0.5,1283.6
4.95,0.5,1283.6
4.983,0.5,1283.6
5.017,0.5,1283.6
5.05,0.5,1283.5
5.083,0.5,1283.6
5.117,0.5,1283.6
5.15,0.5,1283.5
5.183,0.5,1283.6
5.217,0.5,1283.6
5.25,0.5,1283.5
5.283,0.5,1283.5
5.317,0.5,1283.5
5.35,0.5,1283.5
5.383,0.5,1283.5
5.417,0.5,1283.5
5.45,0.5,1283.5
5.483,0.5,1283.5
5.517,0.5,1283.5
5.55,0.5,1283.5
5.583,0.5,1283.5
5.617,0.5,1283.5
5.65,0.5,1283.5
5.683,0.5,1283.5
5.717,0.5,1283.5
5.75,0.5,1283.5
5.783,0.5,1283.5
5.817,0.5,1283.5
5.85,0.5,1283.4
5.883,0.5,1283.4
5.917,0.5,1283.4
5.95,0.5,1283.5
5.983,0.5,1283.5
6.017,0.5,1283.5
6.05,0.5,1283.4
6.083,0.5,1283.4
6.117,0.5,1283.4
6.15,0.5,1283.5
6.183,0.5,1283.5
6.217,0.5,1283.5
6.25,0.5,1283.5
6.283,0.5,1283.5
6.317,0.5,1283.4
6.35,0.5,1283.4
6.383,0.5,1283.4
6.417,0.5,1283.4
6.45,0.5,1283.4
6.483,0.5,1283.4
6.517,0.5,1283.4
6.55,0.5,1283.4
6.583,0.5,1283.4
6.617,0.5,1283.4
6.65,0.5,1283.4
6.683,0.5,1283.4
6.717,0.5,1283.4
6.75,0.5,1283.4
6.783,0.5,1283.4
6.817,0.5,1283.4
6.85,0.5,1283.4
6.883,0.5,1283.3
6.917,0.5,1283.4
6.95,0.5,1283.4
6.983,0.5,1283.4
7.017,0.5,1283.3
7.05,0.5,1283.3
7.083,0.5,1283.3
7.117,0.5,1283.4
7.15,0.5,1283.4
7.183,0.5,1283.3
7.217,0.5,1283.3
7.25,0.5,1283.3
7.283,0.5,1283.3
7.317,0.5,1283.3
7.35,0.5,1283.3
7.383,0.5,1283.3
7.417,0.5,1283.3
7.45,0.5,1283.3
7.483,0.5,1283.3
7.517,0.5,1283.2
7.55,0.5,1283.2
7.583,0.5,1283.3
7.617,0.5,1283.3
7.65,0.5,1283.3
7.683,0.5,1283.3
7.717,0.5,1283.3
7.75,0.5,1283.3
7.784,0.5,1283.2
7.817,0.5,1283.2
7.85,0.5,1283.3
7.883,0.5,1283.2
7.917,0.5,1283.2
7.95,0.5,1283.2
7.983,0.5,1283.2
8.017,0.5,1283.2
8.05,0.5,1283.2
8.084,0.5,1283.2
8.117,0.5,1283.2
8.15,0.5,1283.3
8.183,0.5,1283.2
8.217,0.5,1283.2
8.25,0.5,1283.2
8.284,0.5,1283.2
8.317,0.5,1283.2
8.35,0.5,1283.2
8.384,0.5,1283.2
8.417,0.5,1283.2
8.45,0.5,1283.2
8.483,0.5,1283.2
8.517,0.5,1283.2
8.55,0.5,1283.2
8.584,0.5,1283.1
8.617,0.5,1283.1
8.65,0.5,1283.2
8.684,0.5,1283.2
8.717,0.5,1283.2
8.75,0.5,1283.1
8.783,0.5,1283.1
8.817,0.5,1283.1
8.85,0.5,1283.2
8.884,0.5,1283.2
8.917,0.5,1283.2
8.95,0.5,1283.2
8.983,0.5,1283.2
9.017,0.5,1283.1
9.05,0.5,1283.1
9.083,0.5,1283.1
9.117,0.5,1283.1
9.15,0.5,1283.1
9.183,0.5,1283.1
9.217,0.5,1283.1
9.25,0.5,1283.1
9.283,0.5,1283.1
9.317,0.5,1283.1
9.35,0.5,1283.1
9.383,0.5,1283.1
9.417,0.5,1283.1
9.45,0.5,1283.1
9.483,0.5,1283.1
9.517,0.5,1283
9.55,0.5,1283.1
9.584,0.5,1283.1
9.617,0.5,1283
9.65,0.5,1283
9.683,0.5,1283
9.717,0.5,1283
9.75,0.5,1283
9.784,0.5,1283
9.817,0.5,1283.1
9.85,0.5,1283.1
9.883,0.5,1283
9.917,0.5,1283.1
9.95,0.5,1283.1
9.983,0.5,1283
10.017,0.5,1283
10.05,0.5,1283
10.084,0.5,1283
10.117,0.5,1283
10.15,0.5,1283
10.184,0.5,1283
10.217,0.5,1282.9
10.25,0.5,1282.9
10.284,0.5,1282.9
10.317,0.5,1282.9
10.35,0.5,1282.9
10.383,0.5,1283
10.417,0.5,1283
10.45,0.5,1283
10.484,0.5,1283
10.517,0.5,1283
10.55,0.5,1283
10.584,0.5,1283
10.617,0.5,1282.9
10.65,0.5,1282.9
10.684,0.5,1282.9
10.717,0.5,1282.9
10.75,0.5,1282.9
10.784,0.5,1282.9
10.817,0.5,1282.9
10.85,0.5,1282.9
10.884,0.5,1282.9
10.917,0.5,1282.9
10.95,0.5,1282.9
10.983,0.5,1282.9
11.017,0.5,1282.9
11.05,0.5,1282.9
11.083,0.5,1282.9
11.117,0.5,1282.9
11.15,0.5,1282.9
11.184,0.5,1282.9
11.217,0.5,1282.9
11.25,0.5,1282.9
11.284,0.5,1282.8
11.317,0.5,1282.8
11.35,0.5,1282.8
11.383,0.5,1282.9
11.417,0.5,1282.9
11.45,0.5,1282.9
11.483,0.5,1282.8
11.517,0.5,1282.8
11.55,0.5,1282.8
11.583,0.5,1282.8
11.617,0.5,1282.8
11.65,0.5,1282.9
11.683,0.5,1282.9
11.717,0.5,1282.9
11.75,0.5,1282.8
11.783,0.5,1282.8
11.817,0.5,1282.8
11.85,0.5,1282.8
11.883,0.5,1282.8
11.917,0.5,1282.9
11.95,0.5,1282.8
11.983,0.5,1282.8
12.017,0.5,1282.8
12.05,0.5,1282.8
12.083,0.5,1282.8
12.117,0.5,1282.8
12.15,0.5,1282.8
12.183,0.5,1282.8
12.217,0.5,1282.8
12.25,0.5,1282.8
12.283,0.5,1282.8
12.317,0.5,1282.8
12.35,0.5,1282.8
12.383,0.5,1282.8
12.417,0.5,1282.8
12.45,0.5,1282.8
12.484,0.5,1282.8
12.517,0.5,1282.8
12.55,0.5,1282.7
12.583,0.5,1282.7
12.617,0.5,1282.7
12.65,0.5,1282.8
12.683,0.5,1282.8
12.717,0.5,1282.7
12.75,0.5,1282.7
12.784,0.5,1282.7
12.817,0.5,1282.7
12.85,0.5,1282.8
12.884,0.5,1282.8
12.917,0.5,1282.7
12.95,0.5,1282.7
12.984,0.5,1282.7
13.017,0.5,1282.7
13.05,0.5,1282.7
13.084,0.5,1282.7
13.117,0.5,1282.7
13.15,0.5,1282.7
13.184,0.5,1282.7
13.217,0.5,1282.7
13.25,0.5,1282.7
13.284,0.5,1282.7
13.317,0.5,1282.7
13.35,0.5,1282.7
13.384,0.5,1282.7
13.417,0.5,1282.7
13.45,0.5,1282.7
13.484,0.5,1282.7
13.517,0.5,1282.7
13.55,0.5,1282.7
13.584,0.5,1282.7
13.617,0.5,1282.7
13.65,0.5,1282.7
13.684,0.5,1282.7
13.717,0.5,1282.7
13.75,0.5,1282.7
13.784,0.5,1282.6
13.817,0.5,1282.6
13.85,0.5,1282.6
13.884,0.5,1282.6
13.917,0.5,1282.6
13.95,0.5,1282.6
13.984,0.5,1282.5
14.017,0.5,1282.5
14.05,0.5,1282.5
14.084,0.5,1282.6
14.117,0.5,1282.6
14.15,0.5,1282.6
14.184,0.5,1282.5
14.217,0.5,1282.5
14.25,0.5,1282.5
14.284,0.5,1282.5
14.317,0.5,1282.5
14.35,0.5,1282.5
14.384,0.5,1282.6
14.417,0.5,1282.6
14.45,0.5,1282.6
14.484,0.5,1282.5
14.517,0.5,1282.5
14.55,0.5,1282.5
14.584,0.5,1282.5
14.617,0.5,1282.5
14.65,0.5,1282.5
14.684,0.5,1282.5
14.717,0.5,1282.5
14.75,0.5,1282.5
14.784,0.5,1282.5
14.817,0.5,1282.5
14.85,0.5,1282.5
14.884,0.5,1282.5
14.917,0.5,1282.5
14.95,0.5,1282.5
14.984,0.5,1282.5
15.017,0.5,1282.5
15.05,0.5,1282.5
15.084,0.5,1282.5
15.117,0.5,1282.5
15.15,0.5,1282.5
15.184,0.5,1282.5
15.217,0.5,1282.5
15.25,0.5,1282.4
15.284,0.5,1282.4
15.317,0.5,1282.4
15.35,0.5,1282.5
15.384,0.5,1282.5
15.417,0.5,1282.4
15.45,0.5,1282.4
15.484,0.5,1282.4
15.517,0.5,1282.4
15.55,0.5,1282.4
15.584,0.5,1282.4
15.617,0.5,1282.4
15.65,0.5,1282.4
15.684,0.5,1282.4
15.717,0.5,1282.4
15.75,0.5,1282.4
15.784,0.5,1282.4
15.817,0.5,1282.4
15.85,0.5,1282.4
15.884,0.5,1282.4
15.917,0.5,1282.4
15.95,0.5,1282.4
15.984,0.5,1282.4
16.017,0.5,1282.4
16.05,0.5,1282.4
16.084,0.5,1282.4
16.117,0.5,1282.4
16.15,0.5,1282.4
16.184,0.5,1282.4
16.217,0.5,1282.3
16.25,0.5,1282.3
16.284,0.5,1282.4
16.317,0.5,1282.4
16.35,0.5,1282.4
16.384,0.5,1282.4
16.417,0.5,1282.4
16.45,0.5,1282.4
16.484,0.5,1282.3
16.517,0.5,1282.3
16.55,0.5,1282.3
16.584,0.5,1282.3
16.617,0.5,1282.3
16.65,0.5,1282.3
16.684,0.5,1282.4
16.717,0.5,1282.4
16.75,0.5,1282.4
16.784,0.5,1282.4
16.817,0.5,1282.3
16.85,0.5,1282.3
16.884,0.5,1282.3
16.917,0.5,1282.3
16.95,0.5,1282.3
16.984,0.5,1282.4
17.017,0.5,1282.3
17.05,0.5,1282.3
17.084,0.5,1282.3
17.117,0.5,1282.3
17.15,0.5,1282.3
17.184,0.5,1282.3
17.217,0.5,1282.3
17.25,0.5,1282.3
17.284,0.5,1282.2
17.317,0.5,1282.2
17.35,0.5,1282.3
17.384,0.5,1282.3
17.417,0.5,1282.3
17.45,0.5,1282.3
17.484,0.5,1282.3
17.517,0.5,1282.3
17.55,0.5,1282.2
17.584,0.5,1282.2
17.617,0.5,1282.2
17.65,0.5,1282.2
17.684,0.5,1282.2
17.717,0.5,1282.2
17.75,0.5,1282.1
17.784,0.5,1282.2
17.817,0.5,1282.2
17.85,0.5,1282.2
17.884,0.5,1282.2
17.917,0.5,1282.2
17.95,0.5,1282.2
17.984,0.5,1282.2
18.017,0.5,1282.2
18.05,0.5,1282.1
18.084,0.5,1282.1
18.117,0.5,1282.1
18.15,0.5,1282.1
18.184,0.5,1282.1
18.217,0.5,1282.1
18.25,0.5,1282.2
18.284,0.5,1282.2
18.317,0.5,1282.2
18.35,0.5,1282.1
18.384,0.5,1282.1
18.417,0.5,1282.1
18.45,0.5,1282.1
18.484,0.5,1282.1
18.517,0.5,1282.1
18.55,0.5,1282.1
18.584,0.5,1282.1
18.617,0.5,1282.1
18.65,0.5,1282.1
18.684,0.5,1282.1
18.717,0.5,1282.1
18.75,0.5,1282.1
18.784,0.5,1282.1
18.817,0.5,1282.1
18.85,0.5,1282.1
18.884,0.5,1282.1
18.917,0.5,1282.1
18.95,0.5,1282.1
18.984,0.5,1282.1
19.017,0.5,1282.1
19.05,0.5,1282
19.084,0.5,1282
19.117,0.5,1282.1
19.15,0.5,1282.1
19.184,0.5,1282.1
19.217,0.5,1282.1
19.25,0.5,1282.1
19.284,0.5,1282.1
19.317,0.5,1282.1
19.35,0.5,1282.1
19.384,0.5,1282.1
19.417,0.5,1282.1
19.45,0.5,1282.1
19.484,0.5,1282
19.517,0.5,1282
19.55,0.5,1282
19.584,0.5,1282
19.617,0.5,1282.1
19.65,0.5,1282.1
19.684,0.5,1282.1
19.717,0.5,1282
19.75,0.5,1282
19.784,0.5,1282
19.817,0.5,1282
19.85,0.5,1282
19.884,0.5,1282
19.917,0.5,1282.1
19.95,0.5,1282.1
19.984,0.5,1282.1
20.017,0.5,1282.1
20.05,0.5,1282.1
20.084,0.5,1282
20.117,0.5,1282.1
20.15,0.5,1282.1
20.184,0.5,1282.1
20.217,0.5,1282
20.25,0.5,1282
20.284,0.5,1282
20.317,0.5,1282
20.35,0.5,1282
20.384,0.5,1282
20.417,0.5,1282.1
20.45,0.5,1282.1
20.484,0.5,1282
20.517,0.5,1282
20.55,0.5,1282
20.584,0.5,1282
20.617,0.5,1282
20.65,0.5,1282
20.684,0.5,1282
20.717,0.5,1282
20.75,0.5,1282
20.784,0.5,1282
20.817,0.5,1282
20.85,0.5,1282
20.884,0.5,1282
20.917,0.5,1282
20.95,0.5,1282
20.984,0.5,1282
21.017,0.5,1282
21.05,0.5,1282
21.084,0.5,1282
21.117,0.5,1282
21.15,0.5,1282
21.184,0.5,1282
21.217,0.5,1282
21.25,0.5,1282
21.284,0.5,1281.9
21.317,0.5,1281.9
21.35,0.5,1281.9
21.384,0.5,1281.9
21.417,0.5,1281.9
21.45,0.5,1281.9
21.484,0.5,1281.9
21.517,0.5,1281.9
21.55,0.5,1281.9
21.584,0.5,1281.9
21.617,0.5,1281.9
21.65,0.5,1281.9
21.684,0.5,1281.9
21.717,0.5,1281.9
21.75,0.5,1281.9
21.784,0.5,1281.9
21.817,0.5,1281.9
21.851,0.5,1281.9
21.884,0.5,1281.9
21.917,0.5,1281.9
21.95,0.5,1281.9
21.984,0.5,1281.9
22.017,0.5,1281.9
22.05,0.5,1281.9
22.084,0.5,1281.9
22.117,0.5,1281.9
22.151,0.5,1281.9
22.184,0.5,1281.9
22.217,0.5,1281.9
22.25,0.5,1281.8
22.284,0.5,1281.8
22.317,0.5,1281.9
22.351,0.5,1281.9
22.384,0.5,1281.9
22.417,0.5,1281.9
22.451,0.5,1281.9
22.484,0.5,1281.9
22.517,0.5,1281.9
22.551,0.5,1281.9
22.584,0.5,1281.9
22.617,0.5,1281.9
22.651,0.5,1281.9
22.684,0.5,1281.8
22.717,0.5,1281.8
22.751,0.5,1281.8
22.784,0.5,1281.8
22.817,0.5,1281.8
22.851,0.5,1281.8
22.884,0.5,1281.8
22.917,0.5,1281.8
22.951,0.5,1281.8
22.984,0.5,1281.8
23.017,0.5,1281.8
23.051,0.5,1281.8
23.084,0.5,1281.8
23.117,0.5,1281.9
23.151,0.5,1281.9
23.184,0.5,1281.8
23.217,0.5,1281.8
23.251,0.5,1281.8
23.284,0.5,1281.8
23.317,0.5,1281.8
23.351,0.5,1281.8
23.384,0.5,1281.8
23.417,0.5,1281.8
23.451,0.5,1281.8
23.484,0.5,1281.8
23.517,0.5,1281.8
23.551,0.5,1281.8
23.584,0.5,1281.8
23.617,0.5,1281.8
23.651,0.5,1281.8
23.684,0.5,1281.8
23.717,0.5,1281.8
23.751,0.5,1281.8
23.784,0.5,1281.8
23.817,0.5,1281.8
23.851,0.5,1281.8
23.884,0.5,1281.7
23.917,0.5,1281.7
23.951,0.5,1281.7
23.984,0.5,1281.7
24.017,0.5,1281.7
24.051,0.5,1281.7
24.084,0.5,1281.7
24.117,0.5,1281.7
24.151,0.5,1281.7
24.184,0.5,1281.7
24.217,0.5,1281.7
24.251,0.5,1281.7
24.284,0.5,1281.7
24.317,0.5,1281.7
24.351,0.5,1281.7
24.384,0.5,1281.7
24.417,0.5,1281.7
24.451,0.5,1281.7
24.484,0.5,1281.7
24.517,0.5,1281.7
24.551,0.5,1281.7
24.584,0.5,1281.7
24.617,0.5,1281.7
24.651,0.5,1281.7
24.684,0.5,1281.7
24.717,0.5,1281.7
24.751,0.5,1281.7
24.784,0.5,1281.7
24.817,0.5,1281.7
24.851,0.5,1281.7
24.884,0.5,1281.7
24.917,0.5,1281.7
24.951,0.5,1281.7
24.984,0.5,1281.7
25.017,0.5,1281.7
25.051,0.5,1281.7
25.084,0.5,1281.7
25.117,0.5,1281.7
25.151,0.5,1281.7
25.184,0.5,1281.7
25.217,0.5,1281.7
25.251,0.5,1281.6
25.284,0.5,1281.6
25.317,0.5,1281.6
25.351,0.5,1281.6
25.384,0.5,1281.6
25.417,0.5,1281.6
25.451,0.5,1281.6
25.484,0.5,1281.6
25.517,0.5,1281.6
25.551,0.5,1281.6
25.584,0.5,1281.6
25.617,0.5,1281.6
25.651,0.5,1281.6
25.684,0.5,1281.6
25.717,0.5,1281.6
25.751,0.5,1281.5
25.784,0.5,1281.5
25.817,0.5,1281.5
25.851,0.5,1281.5
25.884,0.5,1281.6
25.917,0.5,1281.5
25.951,0.5,1281.5
25.984,0.5,1281.5
26.017,0.5,1281.6
26.051,0.5,1281.6
26.084,0.5,1281.6
26.117,0.5,1281.6
26.151,0.5,1281.6
26.184,0.5,1281.6
26.217,0.5,1281.6
26.251,0.5,1281.6
26.284,0.5,1281.5
26.317,0.5,1281.5
26.351,0.5,1281.5
26.384,0.5,1281.4
26.417,0.5,1281.5
26.451,0.5,1281.5
26.484,0.5,1281.5
26.517,0.5,1281.5
26.551,0.5,1281.5
26.584,0.5,1281.5
26.617,0.5,1281.5
26.651,0.5,1281.5
26.684,0.5,1281.5
26.717,0.5,1281.4
26.751,0.5,1281.4
26.784,0.5,1281.4
26.817,0.5,1281.4
26.851,0.5,1281.4
26.884,0.5,1281.4
26.917,0.5,1281.4
26.951,0.5,1281.4
26.984,0.5,1281.4
27.017,0.5,1281.4
27.051,0.5,1281.4
27.084,0.5,1281.4
27.117,0.5,1281.4
27.151,0.5,1281.4
27.184,0.5,1281.4
27.217,0.5,1281.4
27.251,0.5,1281.4
27.284,0.5,1281.4
27.317,0.5,1281.4
27.351,0.5,1281.4
27.384,0.5,1281.5
27.417,0.5,1281.5
27.451,0.5,1281.4
27.484,0.5,1281.4
27.517,0.5,1281.4
27.551,0.5,1281.4
27.584,0.5,1281.4
27.617,0.5,1281.4
27.651,0.5,1281.5
27.684,0.5,1281.5
27.717,0.5,1281.5
27.751,0.5,1281.4
27.784,0.5,1281.4
27.817,0.5,1281.4
27.851,0.5,1281.4
27.884,0.5,1281.4
27.917,0.5,1281.4
27.951,0.5,1281.3
27.984,0.5,0
28.017,0.5,1281.3
28.051,0.5,1281.3
28.084,0.5,1281.3
28.117,0.5,1281.3
28.151,0.5,1281.3
28.184,0.5,1281.3
28.217,0.5,1281.3
28.251,0.5,1281.4
28.284,0.5,1281.4
28.317,0.5,1281.3
28.351,0.5,1281.3
28.384,0.5,1281.3
28.417,0.5,1281.3
28.451,0.5,1281.4
28.484,0.5,1281.4
28.517,0.5,1281.2
28.551,0.5,1281.3
28.584,0.5,1281.3
28.617,0.5,1281.3
28.651,0.5,1281.3
28.684,0.5,1281.3
28.717,0.5,1281.3
28.751,0.5,1281.3
28.784,0.5,1281.3
28.817,0.5,1281.3
28.851,0.5,1281.3
28.884,0.5,1281.3
28.918,0.5,1281.1
28.951,0.5,1281.3
29.451,0.5,1281.2
29.484,0.5,1281.1
29.518,0.5,1281.2
29.551,0.5,1281.2
29.584,0.5,1281.1
29.617,0.5,1281.1
29.651,0.5,1281.1
29.684,0.5,1281.2
29.717,0.5,1281.1
29.751,0.5,1281.1
29.784,0.5,1281
29.817,0.5,1281.2
29.851,0.5,1281.2
29.884,0.5,1281.2
29.918,0.5,1281.2
29.951,0.5,1281.2
29.984,0.5,1281
30.018,0.5,1281
30.051,0.5,1281
30.084,0.5,1281
30.118,0.5,1281.1
30.151,0.5,1281.1
30.184,0.5,1281.1
30.218,0.5,1281.1
30.251,0.5,1281.1
30.284,0.5,1281.1
30.317,0.5,1281.1
30.351,0.5,1281.1
30.384,0.5,1281.1
30.417,0.5,1281.1
30.451,0.5,1281.1
30.484,0.5,1281.1
30.518,0.5,1281.1
30.551,0.5,1281.1
30.584,0.5,1281
30.618,0.5,1281
30.651,0.5,1281.1
30.684,0.5,1281.1
30.718,0.5,1281.1
30.751,0.5,1281
30.784,0.5,1281
30.817,0.5,1281
30.851,0.5,1281
30.884,0.5,1281.1
30.918,0.5,1281.1
30.951,0.5,1281.1
30.984,0.5,1281
31.018,0.5,1281
31.051,0.5,1281
31.084,0.5,1281
31.118,0.5,1281
31.151,0.5,1281.1
31.184,0.5,1281
31.217,0.5,1281
31.251,0.5,1281
31.284,0.5,1281
31.318,0.5,1281
31.351,0.5,1281
31.384,0.5,1281
31.418,0.5,1281
31.451,0.5,1281
31.484,0.5,1281
31.518,0.5,1281
31.551,0.5,1281
31.584,0.5,1281
31.618,0.5,1281
31.651,0.5,1281
31.684,0.5,1281
31.717,0.5,1280.9
31.751,0.5,1280.9
31.784,0.5,1280.9
31.818,0.5,1281
31.851,0.5,1280.9
31.884,0.5,1280.9
31.918,0.5,1280.9
31.951,0.5,1280.9
31.984,0.5,1280.9
32.018,0.5,1281
32.051,0.5,1280.9
32.084,0.5,1280.9
32.118,0.5,1280.9
32.151,0.5,1280.9
32.184,0.5,1280.9
32.217,0.5,1280.9
32.251,0.5,1280.9
32.284,0.5,1280.9
32.318,0.5,1280.9
32.351,0.5,1280.9
32.384,0.5,1280.9
32.418,0.5,1280.9
32.451,0.5,1280.9
32.484,0.5,1280.9
32.518,0.5,1280.8
32.551,0.5,1280.8
32.584,0.5,1280.8
32.618,0.5,1280.9
32.651,0.5,1280.9
32.684,0.5,1280.8
32.718,0.5,1280.8
32.751,0.5,1280.8
32.784,0.5,1280.8
32.818,0.5,1280.8
32.851,0.5,1280.8
32.884,0.5,1280.9
32.918,0.5,1280.9
32.951,0.5,1280.9
32.984,0.5,1280.9
33.018,0.5,1280.8
33.051,0.5,1280.8
33.084,0.5,1280.8
33.118,0.5,1280.8
33.151,0.5,1280.8
33.184,0.5,1280.8
33.218,0.5,1280.8
33.251,0.5,1280.8
33.284,0.5,1280.8
33.318,0.5,1280.8
33.351,0.5,1280.8
33.384,0.5,1280.8
33.418,0.5,1280.8
33.451,0.5,1280.8
33.484,0.5,1280.8
33.518,0.5,1280.8
33.551,0.5,1280.8
33.584,0.5,1280.8
33.618,0.5,1280.8
33.651,0.5,1280.7
33.684,0.5,1280.8
33.718,0.5,1280.8
33.751,0.5,1280.7
33.784,0.5,1280.7
33.818,0.5,1280.7
33.851,0.5,1280.8
33.884,0.5,1280.8
33.918,0.5,1280.8
33.951,0.5,1280.8
33.984,0.5,1280.8
34.018,0.5,1280.8
34.051,0.5,1280.7
34.084,0.5,1280.7
34.118,0.5,1280.7
34.151,0.5,1280.7
34.184,0.5,1280.7
34.218,0.5,1280.7
34.251,0.5,1280.6
34.284,0.5,1280.6
34.318,0.5,1280.6
34.351,0.5,1280.7
34.384,0.5,1280.6
34.418,0.5,1280.6
34.451,0.5,1280.7
34.484,0.5,1280.7
34.518,0.5,1280.7
34.551,0.5,1280.6
34.584,0.5,1280.6
34.618,0.5,1280.6
34.651,0.5,1280.6
34.684,0.5,1280.6
34.718,0.5,1280.6
34.751,0.5,1280.5
34.784,0.5,1280.5
34.818,0.5,1280.6
34.851,0.5,1280.6
34.884,0.5,1280.6
34.918,0.5,1280.6
34.951,0.5,1280.6
34.984,0.5,1280.6
35.018,0.5,1280.6
35.051,0.5,1280.5
35.084,0.5,1280.5
35.118,0.5,1280.5
35.151,0.5,1280.5
35.184,0.5,1280.5
35.218,0.5,1280.5
35.251,0.5,1280.5
35.284,0.5,1280.5
35.318,0.5,1280.5
35.351,0.5,1280.4
35.384,0.5,1280.4
35.418,0.5,1280.4
35.451,0.5,1280.3
35.484,0.5,1280.3
35.518,0.5,1280.3
35.551,0.5,1280.3
35.584,0.5,1280.3
35.618,0.5,1280.3
35.651,0.5,1280.3
35.684,0.5,1280.3
35.718,0.5,1280.4
35.751,0.5,1280.4
35.784,0.5,1280.4
35.818,0.5,1280.4
35.851,0.5,1280.4
35.884,0.5,1280.4
35.918,0.5,1280.4
35.951,0.5,1280.4
35.984,0.5,1280.4
36.018,0.5,1280.4
36.051,0.5,1280.4
36.084,0.5,1280.4
36.118,0.5,1280.4
36.151,0.5,1280.4
36.185,0.5,1280.3
36.218,0.5,1280.4
36.251,0.5,1280.4
36.284,0.5,1280.4
36.318,0.5,1280.3
36.351,0.5,1280.3
36.384,0.5,1280.3
36.418,0.5,1280.3
36.451,0.5,1280.3
36.484,0.5,1280.3
36.518,0.5,1280.3
36.551,0.5,1280.3
36.584,0.5,1280.3
36.618,0.5,1280.3
36.651,0.5,1280.3
36.684,0.5,1280.3
36.718,0.5,1280.3
36.751,0.5,1280.3
36.784,0.5,1280.3
36.818,0.5,1280.3
36.851,0.5,1280.3
36.884,0.5,1280.3
36.918,0.5,1280.3
36.951,0.5,1280.3
36.985,0.5,1280.3
37.018,0.5,1280.3
37.051,0.5,1280.3
37.084,0.5,1280.3
37.118,0.5,1280.3
37.151,0.5,1280.3
37.184,0.5,1280.3
37.218,0.5,1280.3
37.251,0.5,1280.3
37.284,0.5,1280.3
37.318,0.5,1280.3
37.351,0.5,1280.3
37.384,0.5,1280.2
37.418,0.5,1280.2
37.451,0.5,1280.2
37.484,0.5,1280.2
37.518,0.5,1280.2
37.551,0.5,1280.2
37.584,0.5,1280.2
37.618,0.5,1280.2
37.651,0.5,1280.2
37.685,0.5,1280.2
37.718,0.5,1280.2
37.751,0.5,1280.1
37.784,0.5,1280.1
37.818,0.5,1280.2
37.851,0.5,1280.1
37.884,0.5,1280.1
37.918,0.5,1280.1
37.951,0.5,1280.1
37.985,0.5,1280.1
38.018,0.5,1280.1
38.051,0.5,1280.1
38.085,0.5,1280.1
38.118,0.5,1280.2
38.151,0.5,1280.2
38.185,0.5,1280.2
38.218,0.5,1280.2
38.251,0.5,1280.2
38.285,0.5,1280.2
38.318,0.5,1280.2
38.351,0.5,1280.1
38.385,0.5,1280.1
38.418,0.5,1280.2
38.451,0.5,1280.1
38.485,0.5,1280.1
38.518,0.5,1280.1
38.551,0.5,1280.1
38.585,0.5,1280.1
38.618,0.5,1280.2
38.651,0.5,1280.2
38.684,0.5,1280.2
38.718,0.5,1280.2
38.751,0.5,1280.2
38.784,0.5,1280.2
38.818,0.5,1280.1
38.851,0.5,1280.1
38.884,0.5,1280.1
38.918,0.5,1280
38.951,0.5,1280
38.984,0.5,1280
39.018,0.5,1280
39.051,0.5,1280
39.085,0.5,1280
39.118,0.5,1280
39.151,0.5,1280
39.184,0.5,1280
39.218,0.5,1280.1
39.251,0.5,1280.1
39.285,0.5,1280
39.318,0.5,1280
39.351,0.5,1280
39.384,0.5,1280
39.418,0.5,1280
39.451,0.5,1280
39.485,0.5,1280
39.518,0.5,1280.1
39.551,0.5,1280.1
39.585,0.5,1280
39.618,0.5,1280
39.651,0.5,1280
39.684,0.5,1280
39.718,0.5,1280
39.751,0.5,1280
39.784,0.5,1280
39.818,0.5,1280
39.851,0.5,1280
39.885,0.5,1280
39.918,0.5,1280
39.951,0.5,1280
39.984,0.5,1280
40.018,0.5,1280
40.051,0.5,1280
40.085,0.5,1280
40.118,0.5,1280
40.151,0.5,1280
40.185,0.5,1280
40.218,0.5,1280
40.251,0.5,1280
40.284,0.5,1279.9
40.318,0.5,1279.9
40.351,0.5,1280
40.385,0.5,1280
40.418,0.5,1280
40.451,0.5,1280
40.485,0.5,1280
40.518,0.5,1280
40.551,0.5,1280
40.585,0.5,1280
40.618,0.5,1280
40.651,0.5,1280
40.684,0.5,1280
40.718,0.5,1280
40.751,0.5,1279.9
40.784,0.5,1279.9
40.818,0.5,1279.9
40.851,0.5,1279.9
40.885,0.5,1279.9
40.918,0.5,1279.9
40.951,0.5,1279.8
40.985,0.5,1279.8
41.018,0.5,1279.9
41.051,0.5,1279.9
41.085,0.5,1279.9
41.118,0.5,1279.9
41.151,0.5,1279.9
41.184,0.5,1279.9
41.218,0.5,1279.9
41.251,0.5,1279.9
41.285,0.5,1279.9
41.318,0.5,1279.9
41.351,0.5,1279.9
41.385,0.5,1279.9
41.418,0.5,1279.9
41.451,0.5,1279.9
41.485,0.5,1279.9
41.518,0.5,1279.8
41.551,0.5,1279.8
41.585,0.5,1279.8
41.618,0.5,1279.9
41.651,0.5,1279.9
41.685,0.5,1279.9
41.718,0.5,1279.9
41.751,0.5,1279.9
41.785,0.5,1279.9
41.818,0.5,1279.8
41.851,0.5,1279.8
41.885,0.5,1279.8
41.918,0.5,1279.8
41.951,0.5,1279.8
41.985,0.5,1279.9
42.018,0.5,1279.8
42.051,0.5,1279.8
42.085,0.5,1279.8
42.118,0.5,1279.8
42.151,0.5,1279.8
42.184,0.5,1279.8
42.218,0.5,1279.8
42.251,0.5,1279.8
42.285,0.5,1279.8
42.318,0.5,1279.8
42.351,0.5,1279.8
42.385,0.5,1279.8
42.418,0.5,1279.8
42.451,0.5,1279.8
42.485,0.5,1279.8
42.518,0.5,1279.8
42.551,0.5,1279.8
42.585,0.5,1279.8
42.618,0.5,1279.8
42.651,0.5,1279.8
42.685,0.5,1279.8
42.718,0.5,1279.8
42.751,0.5,1279.8
42.785,0.5,1279.8
42.818,0.5,1279.8
42.851,0.5,1279.8
42.885,0.5,1279.8
42.918,0.5,1279.8
42.951,0.5,1279.8
42.985,0.5,1279.7
43.018,0.5,1279.7
43.051,0.5,1279.7
43.085,0.5,1279.7
43.118,0.5,1279.7
43.151,0.5,1279.7
43.185,0.5,1279.7
43.218,0.5,1279.7
43.251,0.5,1279.8
43.285,0.5,1279.7
43.318,0.5,1279.7
43.351,0.5,1279.7
43.385,0.5,1279.7
43.418,0.5,1279.7
43.451,0.5,1279.7
43.485,0.5,1279.7
43.518,0.5,1279.7
43.551,0.5,1279.7
43.585,0.5,1279.7
43.618,0.5,1279.7
43.651,0.5,1279.7
43.685,0.5,1279.7
43.718,0.5,1279.7
43.751,0.5,1279.7
43.785,0.5,1279.7
43.818,0.5,1279.7
43.851,0.5,1279.6
43.885,0.5,1279.6
43.918,0.5,1279.6
43.951,0.5,1279.7
43.985,0.5,1279.7
44.018,0.5,1279.7
44.051,0.5,1279.6
44.085,0.5,1279.6
44.118,0.5,1279.7
44.151,0.5,1279.7
44.185,0.5,1279.7
44.218,0.5,1279.7
44.251,0.5,1279.7
44.285,0.5,1279.7
44.318,0.5,1279.7
44.351,0.5,1279.6
44.385,0.5,1279.6
44.418,0.5,1279.6
44.451,0.5,1279.6
44.485,0.5,1279.6
44.518,0.5,1279.6
44.551,0.5,1279.6
44.585,0.5,1279.6
44.618,0.5,1279.6
44.651,0.5,1279.6
44.685,0.5,1279.6
44.718,0.5,1279.6
44.751,0.5,1279.6
44.785,0.5,1279.6
44.818,0.5,1279.6
44.851,0.5,1279.6
44.885,0.5,1279.6
44.918,0.5,1279.6
44.951,0.5,1279.5
44.985,0.5,1279.5
45.018,0.5,1279.5
45.051,0.5,1279.5
45.085,0.5,1279.5
45.118,0.5,1279.5
45.151,0.5,1279.5
45.185,0.5,1279.5
45.218,0.5,1279.5
45.251,0.5,1279.5
45.285,0.5,1279.5
45.318,0.5,1279.5
45.351,0.5,1279.5
45.385,0.5,1279.6
45.418,0.5,1279.6
45.451,0.5,1279.6
45.485,0.5,1279.5
45.518,0.5,1279.6
45.551,0.5,1279.6
45.585,0.5,1279.6
45.618,0.5,1279.6
45.651,0.5,1279.6
45.685,0.5,1279.5
45.718,0.5,1279.5
45.751,0.5,1279.5
45.785,0.5,1279.5
45.818,0.5,1279.5
45.851,0.5,1279.5
45.885,0.5,1279.5
45.918,0.5,1279.5
45.951,0.5,1279.5
45.985,0.5,1279.5
46.018,0.5,1279.5
46.052,0.5,1279.5
46.085,0.5,1279.5
46.118,0.5,1279.5
46.151,0.5,1279.5
46.185,0.5,1279.5
46.218,0.5,1279.5
46.251,0.5,1279.5
46.285,0.5,1279.4
46.318,0.5,1279.4
46.352,0.5,1279.4
46.385,0.5,1279.4
46.418,0.5,1279.4
46.452,0.5,1279.5
46.485,0.5,1279.4
46.518,0.5,1279.4
46.551,0.5,1279.4
46.585,0.5,1279.4
46.618,0.5,1279.4
46.651,0.5,1279.5
46.685,0.5,1279.5
46.718,0.5,1279.5
46.751,0.5,1279.4
46.785,0.5,1279.4
46.818,0.5,1279.4
46.851,0.5,1279.4
46.885,0.5,1279.4
46.918,0.5,1279.4
46.952,0.5,1279.4
46.985,0.5,1279.4
47.018,0.5,1279.4
47.051,0.5,1279.4
47.085,0.5,1279.4
47.118,0.5,1279.4
47.151,0.5,1279.4
47.185,0.5,1279.4
47.218,0.5,1279.4
47.251,0.5,1279.4
47.285,0.5,1279.4
47.318,0.5,1279.4
47.351,0.5,1279.4
47.385,0.5,1279.4
47.418,0.5,1279.4
47.451,0.5,1279.4
47.485,0.5,1279.4
47.518,0.5,1279.4
47.551,0.5,1279.4
47.585,0.5,1279.4
47.618,0.5,1279.4
47.651,0.5,1279.4
47.685,0.5,1279.4
47.718,0.5,1279.4
47.751,0.5,1279.4
47.785,0.5,1279.4
47.818,0.5,1279.3
47.851,0.5,1279.3
47.885,0.5,1279.3
47.918,0.5,1279.3
47.951,0.5,1279.3
47.985,0.5,1279.3
48.018,0.5,1279.3
48.051,0.5,1279.3
48.085,0.5,1279.3
48.118,0.5,1279.3
48.151,0.5,1279.3
48.185,0.5,1279.3
48.218,0.5,1279.3
48.252,0.5,1279.3
48.285,0.5,1279.3
48.318,0.5,1279.3
48.351,0.5,1279.3
48.385,0.5,1279.4
48.418,0.5,1279.3
48.451,0.5,1279.3
48.485,0.5,1279.3
48.518,0.5,1279.4
48.551,0.5,1279.4
48.585,0.5,1279.4
48.618,0.5,1279.3
48.651,0.5,1279.3
48.685,0.5,1279.3
48.718,0.5,1279.3
48.751,0.5,1279.3
48.785,0.5,1279.2
48.818,0.5,1279.3
48.852,0.5,1279.3
48.885,0.5,1279.3
48.918,0.5,1279.3
48.951,0.5,1279.3
48.985,0.5,1279.3
49.018,0.5,1279.3
49.051,0.5,1279.3
49.085,0.5,1279.3
49.118,0.5,1279.3
49.152,0.5,1279.3
49.185,0.5,1279.2
49.218,0.5,1279.3
49.251,0.5,1279.3
49.285,0.5,1279.3
49.318,0.5,1279.3
49.352,0.5,1279.3
49.385,0.5,1279.3
49.418,0.5,1279.3
49.452,0.5,1279.3
49.485,0.5,1279.3
49.518,0.5,1279.3
49.552,0.5,1279.2
49.585,0.5,1279.2
49.618,0.5,1279.2
49.652,0.5,1279.2
49.685,0.5,1279.2
49.718,0.5,1279.2
49.751,0.5,1279.2
49.785,0.5,1279.2
49.818,0.5,1279.2
49.852,0.5,1279.2
49.885,0.5,1279.2
49.918,0.5,1279.2
49.951,0.5,1279.2
49.985,0.5,1279.1
50.018,0.5,1279.1
50.052,0.5,1279.2
50.085,0.5,1279.2
50.118,0.5,1279.2
50.152,0.5,1279.2
50.185,0.5,1279.2
50.218,0.5,1279.2
50.251,0.5,1279.2
50.285,0.5,1279.2
50.318,0.5,1279.2
50.352,0.5,1279.2
50.385,0.5,1279.2
50.418,0.5,1279.2
50.451,0.5,1279.2
50.485,0.5,1279.2
50.518,0.5,1279.1
50.552,0.5,1279.1
50.585,0.5,1279.1
50.618,0.5,1279.1
50.651,0.5,1279.1
50.685,0.5,1279.1
50.718,0.5,1279.1
50.752,0.5,1279.1
50.785,0.5,1279.1
50.818,0.5,1279.1
50.851,0.5,1279.1
50.885,0.5,1279.1
50.918,0.5,1279.1
50.952,0.5,1279.1
50.985,0.5,1279.1
51.018,0.5,1279.1
51.052,0.5,1279.1
51.085,0.5,1279.1
51.118,0.5,1279.1
51.151,0.5,1279.1
51.185,0.5,1279.1
51.218,0.5,1279.1
51.252,0.5,1279.1
51.285,0.5,1279.1
51.318,0.5,1279.1
51.351,0.5,1279.1
51.385,0.5,1279.1
51.418,0.5,1279.1
51.452,0.5,1279
51.485,0.5,1279
51.518,0.5,1279
51.551,0.5,1279
51.585,0.5,1279.1
51.618,0.5,1279
51.652,0.5,1279
51.685,0.5,1279
51.718,0.5,1279
51.751,0.5,1279
51.785,0.5,1279
51.818,0.5,1279.1
51.852,0.5,1279.1
51.885,0.5,1279
51.918,0.5,1279
51.952,0.5,1279
51.985,0.5,1279
52.018,0.5,1279
52.052,0.5,1279
52.085,0.5,1278.9
52.118,0.5,1279
52.152,0.5,1279
52.185,0.5,1279
52.218,0.5,1279
52.252,0.5,1279
52.285,0.5,1278.9
52.318,0.5,1279
52.352,0.5,1279
52.385,0.5,1279
52.418,0.5,1279
52.452,0.5,1279
52.485,0.5,1279
52.518,0.5,1278.9
52.552,0.5,1278.9
52.585,0.5,1278.9
52.618,0.5,1279
52.652,0.5,1279
52.685,0.5,1279
52.718,0.5,1279
52.752,0.5,1278.9
52.785,0.5,1278.9
52.818,0.5,1278.9
52.852,0.5,1278.9
52.885,0.5,1279
52.918,0.5,1279
52.952,0.5,1279
52.985,0.5,1278.9
53.018,0.5,1278.9
53.052,0.5,1278.9
53.085,0.5,1278.9
53.118,0.5,1278.9
53.151,0.5,1278.9
53.185,0.5,1278.9
53.218,0.5,1278.9
53.252,0.5,1278.9
53.285,0.5,1278.9
53.318,0.5,1278.9
53.351,0.5,1278.8
53.385,0.5,1278.8
53.418,0.5,1278.8
53.452,0.5,1278.8
53.485,0.5,1278.8
53.518,0.5,1278.8
53.552,0.5,1278.9
53.585,0.5,1278.9
53.618,0.5,1278.9
53.652,0.5,1278.9
53.685,0.5,1278.9
53.718,0.5,1278.9
53.752,0.5,1278.9
53.785,0.5,1278.9
53.818,0.5,1278.9
53.852,0.5,1278.9
53.885,0.5,1278.9
53.918,0.5,1278.9
53.952,0.5,1278.9
53.985,0.5,1278.9
54.018,0.5,1278.9
54.052,0.5,1278.9
54.085,0.5,1278.9
54.118,0.5,1278.9
54.152,0.5,1278.9
54.185,0.5,1278.9
54.218,0.5,1278.9
54.252,0.5,1278.9
54.285,0.5,1278.9
54.318,0.5,1278.9
54.352,0.5,1278.9
54.385,0.5,1278.9
54.418,0.5,1278.9
54.452,0.5,1278.9
54.485,0.5,1278.9
54.518,0.5,1278.9
54.552,0.5,1278.9
54.585,0.5,1278.9
54.618,0.5,1278.9
54.652,0.5,1278.9
54.685,0.5,1278.9
54.718,0.5,1278.9
54.752,0.5,1278.8
54.785,0.5,1278.8
54.818,0.5,1278.9
54.852,0.5,1278.9
54.885,0.5,1278.9
54.918,0.5,1278.9
54.952,0.5,1278.9
54.985,0.5,1278.9
55.018,0.5,1278.9
55.052,0.5,1278.9
55.085,0.5,1278.9
55.118,0.5,1278.9
55.152,0.5,1278.9
55.185,0.5,1278.9
55.218,0.5,1278.9
55.252,0.5,1278.9
55.285,0.5,1278.8
55.318,0.5,1278.8
55.352,0.5,1278.8
55.385,0.5,1278.9
55.418,0.5,1278.8
55.452,0.5,1278.8
55.485,0.5,1278.8
55.518,0.5,1278.8
55.552,0.5,1278.8
55.585,0.5,1278.8
55.618,0.5,1278.8
55.652,0.5,1278.8
55.685,0.5,1278.8
55.718,0.5,1278.8
55.752,0.5,1278.8
55.785,0.5,1278.8
55.818,0.5,1278.8
55.852,0.5,1278.8
55.885,0.5,1278.8
55.918,0.5,1278.8
55.952,0.5,1278.8
55.985,0.5,1278.8
56.018,0.5,1278.8
56.052,0.5,1278.8
56.085,0.5,1278.8
56.118,0.5,1278.8
56.152,0.5,1278.8
56.185,0.5,1278.8
56.218,0.5,1278.8
56.252,0.5,1278.7
56.285,0.5,1278.7
56.318,0.5,1278.7
56.352,0.5,1278.7
56.385,0.5,1278.7
56.418,0.5,1278.7
56.452,0.5,1278.7
56.485,0.5,1278.7
56.518,0.5,1278.7
56.552,0.5,1278.7
56.585,0.5,1278.7
56.618,0.5,1278.7
56.652,0.5,1278.7
56.685,0.5,1278.7
56.718,0.5,1278.7
56.752,0.5,1278.7
56.785,0.5,1278.7
56.818,0.5,1278.7
56.852,0.5,1278.7
56.885,0.5,1278.7
56.918,0.5,1278.7
56.952,0.5,1278.7
56.985,0.5,1278.7
57.018,0.5,1278.7
57.052,0.5,1278.7
57.085,0.5,1278.7
57.118,0.5,1278.7
57.152,0.5,1278.6
57.185,0.5,1278.6
57.218,0.5,1278.7
57.252,0.5,1278.7
57.285,0.5,1278.7
57.318,0.5,1278.6
57.352,0.5,1278.6
57.385,0.5,1278.6
57.418,0.5,1278.6
57.452,0.5,1278.5
57.485,0.5,1278.5
57.519,0.5,1278.6
57.552,0.5,1278.5
57.585,0.5,1278.5
57.618,0.5,1278.6
57.652,0.5,1278.6
57.685,0.5,1278.6
57.719,0.5,1278.6
57.752,0.5,1278.5
57.785,0.5,1278.5
57.818,0.5,1278.6
57.852,0.5,1278.6
57.885,0.5,1278.6
57.918,0.5,1278.6
57.952,0.5,1278.5
57.985,0.5,1278.5
58.018,0.5,1278.6
58.052,0.5,1278.6
58.085,0.5,1278.6
58.119,0.5,1278.6
58.152,0.5,1278.6
58.185,0.5,1278.6
58.219,0.5,1278.5
58.252,0.5,1278.5
58.285,0.5,1278.6
58.318,0.5,1278.5
58.352,0.5,1278.5
58.385,0.5,1278.5
58.418,0.5,1278.5
58.452,0.5,1278.5
58.485,0.5,1278.5
58.518,0.5,1278.5
58.552,0.5,1278.5
58.585,0.5,1278.5
58.619,0.5,1278.5
58.652,0.5,1278.5
58.685,0.5,1278.5
58.718,0.5,1278.5
58.752,0.5,1278.5
58.785,0.5,1278.5
58.818,0.5,1278.5
58.852,0.5,1278.5
58.885,0.5,1278.5
58.918,0.5,1278.5
58.952,0.5,1278.5
58.985,0.5,1278.5
59.018,0.5,1278.5
59.052,0.5,1278.5
59.085,0.5,1278.4
59.118,0.5,1278.4
59.152,0.5,1278.5
59.185,0.5,1278.5
59.218,0.5,1278.5
59.252,0.5,1278.4
59.285,0.5,1278.4
59.319,0.5,1278.4
59.352,0.5,1278.4
59.385,0.5,1278.4
59.418,0.5,1278.4
59.452,0.5,1278.5
59.485,0.5,1278.5
59.519,0.5,1278.5
59.552,0.5,1278.4
59.585,0.5,1278.4
59.619,0.5,1278.4
59.652,0.5,1278.4
59.685,0.5,1278.4
59.718,0.5,1278.4
59.752,0.5,1278.4
59.785,0.5,1278.4
59.819,0.5,1278.4
59.852,0.5,1278.4
59.885,0.5,1278.4
59.918,0.5,1278.4
59.952,0.5,1278.4
59.985,0.5,1278.4
60.019,0.407,1278.4
60.052,0.241,1278.3
60.085,0.075,1278.4
60.118,0,1278.4
60.152,0,1278.3
60.185,0,1278.3
60.219,0,1278.4
60.252,0,1278.3
60.285,0,1278.3
60.319,0,1278.3
60.352,0,1278.3
60.385,0,1278.3
60.418,0,1278.3
60.452,0,1278.4
60.485,0,1278.4
60.518,0,1278.4
60.552,0,1278.3
60.585,0,1278.3
60.619,0,1278.3
60.652,0,1278.3
60.685,0,1278.3
60.718,0,1278.3
60.752,0,1278.3
60.785,0,1278.3
60.818,0,1278.4
60.852,0,1278.3
60.885,0,1278.3
60.918,0,1278.3
60.952,0,1278.4
60.985,0,1278.4
61.019,0,1278.3
61.052,0,1278.3
61.085,0,1278.3
61.118,0,1278.3
61.152,0,1278.3
61.185,0,1278.3
61.218,0,1278.3
61.252,0,1278.3
61.285,0,1278.3
61.318,0,1278.3
61.352,0,1278.3
61.385,0,1278.3
61.419,0,1278.3
61.452,0,1278.3
61.485,0,1278.3
61.519,0,1278.3
61.552,0,1278.3
61.585,0,1278.3
61.618,0,1278.3
61.652,0,1278.3
61.685,0,1278.3
61.718,0,1278.3
61.752,0,1278.3
61.785,0,1278.3
61.818,0,1278.3
61.852,0,1278.3
61.885,0,1278.3
61.919,0,1278.3
61.952,0,1278.3
61.985,0,1278.3
62.019,0,1278.3
62.052,0,1278.3
62.085,0,1278.2
62.118,0,1278.3
62.152,0,1278.3
62.185,0,1278.2
62.218,0,1278.3
62.252,0,1278.3
62.285,0,1278.2
62.319,0,1278.3
62.352,0,1278.3
62.385,0,1278.3
62.419,0,1278.3
62.452,0,1278.3
62.485,0,1278.3
62.518,0,1278.3
62.552,0,1278.3
62.585,0,1278.3
62.619,0,1278.3
62.652,0,1278.3
62.685,0,1278.3
62.719,0,1278.3
62.752,0,1278.3
62.785,0,1278.3
62.819,0,1278.3
62.852,0,1278.3
62.885,0,1278.2
62.919,0,1278.2
62.952,0,1278.2
62.985,0,1278.3
63.019,0,1278.3
63.052,0,1278.2
63.085,0,1278.2
63.118,0,1278.2
63.152,0,1278.2
63.185,0,1278.2
63.219,0,1278.2
63.252,0,1278.3
63.285,0,1278.2
63.318,0,1278.2
63.352,0,1278.2
63.385,0,1278.2
63.419,0,1278.2
63.452,0,1278.2
63.485,0,1278.2
63.518,0,1278.2
63.552,0,1278.2
63.585,0,1278.2
63.619,0,1278.3
63.652,0,1278.3
63.685,0,1278.3
63.719,0,1278.2
63.752,0,1278.2
63.785,0,1278.2
63.819,0,1278.2
63.852,0,1278.2
63.885,0,1278.2
63.919,0,1278.2
63.952,0,1278.2
63.985,0,1278.2
64.018,0,1278.2
64.052,0,1278.2
64.085,0,1278.2
64.119,0,1278.2
64.152,0,1278.2
64.185,0,1278.2
64.219,0,1278.2
64.252,0,1278.2
64.285,0,1278.2
64.319,0,1278.2
64.352,0,1278.2
64.385,0,1278.2
64.418,0,1278.2
64.452,0,1278.2
64.485,0,1278.2
64.519,0,1278.2
64.552,0,1278.2
64.585,0,1278.2
64.619,0,1278.2
64.652,0,1278.2
64.685,0,1278.2
64.719,0,1278.2
64.752,0,1278.2
64.785,0,1278.2
64.819,0,1278.2
64.852,0,1278.2
64.885,0,1278.2
64.919,0,1278.2
64.952,0,1278.2
64.985,0,1278.2
65.019,0,1278.2
65.052,0,1278.2
65.085,0,1278.2
65.119,0,1278.2
65.152,0,1278.2
65.185,0,1278.2
65.219,0,1278.2
65.252,0,1278.2
65.285,0,1278.1
65.319,0,1278.2
65.352,0,1278.2
65.385,0,1278.2
65.419,0,1278.1
65.452,0,1278.1
65.485,0,1278.1
65.519,0,1278.1
65.552,0,1278.1
65.585,0,1278.2
65.619,0,1278.2
65.652,0,1278.1
65.685,0,1278.1
65.719,0,1278.1
65.752,0,1278.2
65.785,0,1278.2
65.819,0,1278.2
65.852,0,1278.1
65.885,0,1278.2
65.919,0,1278.2
65.952,0,1278.2
65.985,0,1278.2
66.019,0,1278.2
66.052,0,1278.2
66.085,0,1278.2
66.119,0,1278.2
66.152,0,1278.2
66.185,0,1278.2
66.219,0,1278.2
66.252,0,1278.2
66.285,0,1278.1
66.319,0,1278.1
66.352,0,1278.1
66.385,0,1278.1
66.419,0,1278.1
66.452,0,1278.1
66.485,0,1278.1
66.519,0,1278.1
66.552,0,1278.2
66.585,0,1278.1
66.619,0,1278.1
66.652,0,1278.1
66.685,0,1278.1
66.719,0,1278.2
66.752,0,1278.2
66.785,0,1278.2
66.819,0,1278.1
66.852,0,1278.1
66.885,0,1278.1
66.919,0,1278.1
66.952,0,1278.1
66.985,0,1278.1
67.019,0,1278.1
67.052,0,1278.1
67.085,0,1278.1
67.119,0,1278.2
67.152,0,1278.1
67.185,0,1278.1
67.219,0,1278.1
67.252,0,1278.1
67.285,0,1278.1
67.319,0,1278.1
67.352,0,1278.1
67.385,0,1278.1
67.419,0,1278.2
67.452,0,1278.1
67.485,0,1278.1
67.519,0,1278.1
67.552,0,1278.1
67.585,0,1278.1
67.619,0,1278.1
67.652,0,1278.1
67.685,0,1278.1
67.719,0,1278.1
67.752,0,1278.1
67.785,0,1278.1
67.819,0,1278.1
67.852,0,1278.1
67.885,0,1278.1
67.919,0,1278.1
67.952,0,1278.1
67.985,0,1278.1
68.019,0,1278.1
68.052,0,1278.1
68.085,0,1278.1
68.119,0,1278.1
68.152,0,1278.1
68.185,0,1278.1
68.219,0,1278.1
68.252,0,1278.1
68.285,0,1278.1
68.319,0,1278.1
68.352,0,1278.1
68.385,0,1278
68.419,0,1278.1
68.452,0,1278.1
68.485,0,1278.1
68.519,0,1278.1
68.552,0,1278.1
68.585,0,1278.1
68.619,0,1278.1
68.652,0,1278.1
68.685,0,1278.1
68.719,0,1278.1
68.752,0,1278.1
68.785,0,1278.1
68.819,0,1278.1
68.852,0,1278.1
68.885,0,1278
68.919,0,1278
68.952,0,1278.1
68.985,0,1278.1
69.019,0,1278.1
69.052,0,1278.1
69.085,0,1278.1
69.119,0,1278.1
69.152,0,1278.1
69.185,0,1278.1
69.219,0,1278.1
69.252,0,1278.1
69.285,0,1278.1
69.319,0,1278.1
69.352,0,1278.1
69.385,0,1278.1
69.419,0,1278.1
69.452,0,1278.1
69.485,0,1278.1
69.519,0,1278.1
69.552,0,1278.1
69.585,0,1278.1
69.619,0,1278.1
69.652,0,1278.1
69.685,0,1278.1
69.719,0,1278.1
69.752,0,1278.1
69.785,0,1278.1
69.819,0,1278.1
69.852,0,1278.1
69.885,0,1278.1
69.919,0,1278.1
69.952,0,1278.1
69.985,0,1278.1
70.019,0,1278.1
70.052,0,1278.1
70.085,0,1278.1
70.119,0.282,1278.1
70.152,0.78,1278
70.185,1.282,1278
70.219,1.5,1278
70.252,1.5,1278
70.286,1.5,1278
70.319,1.5,1278.1
70.352,1.5,1278.1
70.385,1.5,1278.1
70.419,1.5,1278
70.452,1.5,1278
70.485,1.5,1278
70.519,1.5,1278
70.552,1.5,1278
70.585,1.5,1278
70.619,1.5,1278
70.652,1.5,1278
70.685,1.5,1278
70.719,1.5,1278
70.752,1.5,1278
70.785,1.5,1278
70.819,1.5,1278
70.852,1.5,1277.9
70.885,1.5,1277.9
70.919,1.5,1277.9
70.952,1.5,1277.9
70.985,1.5,1277.9
71.019,1.5,1277.9
71.052,1.5,1277.9
71.085,1.5,1277.9
71.119,1.5,1277.8
71.152,1.5,1277.8
71.186,1.5,1277.8
71.219,1.5,1277.8
71.252,1.5,1277.8
71.285,1.5,1277.8
71.319,1.5,1277.8
71.352,1.5,1277.8
71.385,1.5,1277.8
71.419,1.5,1277.8
71.452,1.5,1277.8
71.485,1.5,1277.8
71.519,1.5,1277.7
71.552,1.5,1277.7
71.586,1.5,1277.7
71.619,1.5,1277.7
71.652,1.5,1277.7
71.685,1.5,1277.7
71.719,1.5,1277.7
71.752,1.5,1277.7
71.786,1.5,1277.7
71.819,1.5,1277.7
71.852,1.5,1277.7
71.885,1.5,1277.6
71.919,1.5,1277.6
71.952,1.5,1277.6
71.985,1.5,1277.6
72.019,1.5,1277.6
72.052,1.5,1277.6
72.086,1.5,1277.7
72.119,1.5,1277.7
72.152,1.5,1277.6
72.186,1.5,1277.6
72.219,1.5,1277.6
72.252,1.5,1277.5
72.285,1.5,1277.6
72.319,1.5,1277.6
72.352,1.5,1277.6
72.385,1.5,1277.5
72.419,1.5,1277.5
72.452,1.5,1277.5
72.486,1.5,1277.5
72.519,1.5,1277.5
72.552,1.5,1277.5
72.585,1.5,1277.5
72.619,1.5,1277.5
72.652,1.5,1277.5
72.686,1.5,1277.5
72.719,1.5,1277.5
72.752,1.5,1277.5
72.785,1.5,1277.4
72.819,1.5,1277.4
72.852,1.5,1277.4
72.886,1.5,1277.4
72.919,1.5,1277.4
72.952,1.5,1277.4
72.986,1.5,1277.4
73.019,1.5,1277.4
73.052,1.5,1277.4
73.086,1.5,1277.4
73.119,1.5,1277.4
73.152,1.5,1277.3
73.186,1.5,1277.3
73.219,1.5,1277.3
73.252,1.5,1277.4
73.286,1.5,1277.4
73.319,1.5,1277.4
73.352,1.5,1277.3
73.386,1.5,1277.3
73.419,1.5,1277.3
73.452,1.5,1277.3
73.485,1.5,1277.3
73.519,1.5,1277.3
73.552,1.5,1277.3
73.586,1.5,1277.3
73.619,1.5,1277.2
73.652,1.5,1277.2
73.686,1.5,1277.2
73.719,1.5,1277.2
73.752,1.5,1277.2
73.786,1.5,1277.2
73.819,1.5,1277.2
73.852,1.5,1277.2
73.885,1.5,1277.2
73.919,1.5,1277.2
73.952,1.5,1277.2
73.986,1.5,1277.2
74.019,1.5,1277.2
74.052,1.5,1277.2
74.086,1.5,1277.2
74.119,1.5,1277.1
74.152,1.5,1277.1
74.185,1.5,1277.1
74.219,1.5,1277.1
74.252,1.5,1277.1
74.285,1.5,1277.1
74.319,1.5,1277.1
74.352,1.5,1277.1
74.385,1.5,1277.1
74.419,1.5,1277.1
74.452,1.5,1277.1
74.486,1.5,1277
74.519,1.5,1277
74.552,1.5,1277
74.586,1.5,1277.1
74.619,1.5,1277.1
74.652,1.5,1277.1
74.685,1.5,1277
74.719,1.5,1277
74.752,1.5,1277
74.786,1.5,1277
74.819,1.5,1277
74.852,1.5,1277
74.886,1.5,1276.9
74.919,1.5,1276.9
74.952,1.5,1276.9
74.986,1.5,1276.9
75.019,1.5,1276.9
75.052,1.5,1276.9
75.086,1.5,1276.9
75.119,1.5,1276.9
75.152,1.5,1276.9
75.186,1.5,1276.9
75.219,1.5,1276.9
75.252,1.5,1276.9
75.285,1.5,1276.9
75.319,1.5,1276.9
75.352,1.5,1276.9
75.386,1.5,1276.8
75.419,1.5,1276.8
75.452,1.5,1276.7
75.486,1.5,1276.8
75.519,1.5,1276.8
75.552,1.5,1276.7
75.586,1.5,1276.8
75.619,1.5,1276.8
75.652,1.5,1276.8
75.686,1.5,1276.7
75.719,1.5,1276.7
75.752,1.5,1276.7
75.786,1.5,1276.7
75.819,1.5,1276.7
75.852,1.5,1276.7
75.885,1.5,1276.7
75.919,1.5,1276.7
75.952,1.5,1276.6
75.986,1.5,1276.7
76.019,1.5,1276.7
76.052,1.5,1276.6
76.086,1.5,1276.6
76.119,1.5,1276.6
76.152,1.5,1276.6
76.185,1.5,1276.6
76.219,1.5,1276.6
76.252,1.5,1276.6
76.286,1.5,1276.6
76.319,1.5,1276.6
76.352,1.5,1276.6
76.386,1.5,1276.6
76.419,1.5,1276.6
76.452,1.5,1276.5
76.486,1.5,1276.5
76.519,1.5,1276.5
76.552,1.5,1276.5
76.586,1.5,1276.5
76.619,1.5,1276.5
76.652,1.5,1276.5
76.686,1.5,1276.5
76.719,1.5,1276.5
76.752,1.5,1276.5
76.786,1.5,1276.5
76.819,1.5,1276.5
76.852,1.5,1276.4
76.886,1.5,1276.4
76.919,1.5,1276.5
76.952,1.5,1276.4
76.986,1.5,1276.4
77.019,1.5,1276.4
77.052,1.5,1276.4
77.086,1.5,1276.4
77.119,1.5,1276.4
77.152,1.5,1276.4
77.186,1.5,1276.4
77.219,1.5,1276.3
77.252,1.5,1276.4
77.286,1.5,1276.4
77.319,1.5,1276.4
77.352,1.5,1276.3
77.386,1.5,1276.3
77.419,1.5,1276.3
77.452,1.5,1276.3
77.486,1.5,1276.3
77.519,1.5,1276.2
77.552,1.5,1276.2
77.586,1.5,1276.3
77.619,1.5,1276.3
77.652,1.5,1276.3
77.686,1.5,1276.3
77.719,1.5,1276.2
77.752,1.5,1276.2
77.786,1.5,1276.2
77.819,1.5,1276.2
77.852,1.5,1276.2
77.886,1.5,1276.2
77.919,1.5,1276.2
77.952,1.5,1276.2
77.986,1.5,1276.2
78.019,1.5,1276.2
78.052,1.5,1276.2
78.086,1.5,1276.2
78.119,1.5,1276.2
78.152,1.5,1276.2
78.186,1.5,1276.2
78.219,1.5,1276.1
78.252,1.5,1276.1
78.286,1.5,1276.1
78.319,1.5,1276.1
78.352,1.5,1276.1
78.386,1.5,1276.1
78.419,1.5,1276
78.452,1.5,1276
78.486,1.5,1276
78.519,1.5,1276
78.552,1.5,1276
78.586,1.5,1276.1
78.619,1.5,1276.1
78.652,1.5,1276.1
78.686,1.5,1276
78.719,1.5,1276
78.752,1.5,1276
78.786,1.5,1276
78.819,1.5,1276
78.852,1.5,1276
78.886,1.5,1276
78.919,1.5,1276
78.952,1.5,1276
78.986,1.5,1275.9
79.019,1.5,1275.9
79.052,1.5,1275.9
79.086,1.5,1275.9
79.119,1.5,1275.9
79.152,1.5,1275.9
79.186,1.5,1275.8
79.219,1.5,1275.8
79.252,1.5,1275.9
79.286,1.5,1275.9
79.319,1.5,1275.9
79.352,1.5,1275.8
79.386,1.5,1275.8
79.419,1.5,1275.8
79.452,1.5,1275.8
79.486,1.5,1275.8
79.519,1.5,1275.8
79.552,1.5,1275.8
79.586,1.5,1275.8
79.619,1.5,1275.7
79.652,1.5,1275.7
79.686,1.5,1275.7
79.719,1.5,1275.7
79.752,1.5,1275.7
79.786,1.5,1275.7
79.819,1.5,1275.7
79.852,1.5,1275.7
79.886,1.5,1275.7
79.919,1.5,1275.7
79.952,1.5,1275.7
79.986,1.5,1275.7
80.019,1.5,1275.7
80.052,1.5,1275.7
80.086,1.5,1275.7
80.119,1.5,1275.7
80.152,1.5,1275.6
80.186,1.5,1275.6
80.219,1.5,1275.6
80.252,1.5,1275.6
80.286,1.5,1275.6
80.319,1.5,1275.6
80.352,1.5,1275.6
80.386,1.5,1275.6
80.419,1.5,1275.5
80.452,1.5,1275.6
80.486,1.5,1275.6
80.519,1.5,1275.6
80.552,1.5,1275.6
80.586,1.5,1275.6
80.619,1.5,1275.5
80.652,1.5,1275.5
80.686,1.5,1275.5
80.719,1.5,1275.5
80.752,1.5,1275.5
80.786,1.5,1275.5
80.819,1.5,1275.5
80.852,1.5,1275.5
80.886,1.5,1275.4
80.919,1.5,1275.4
80.952,1.5,1275.4
80.986,1.5,1275.4
81.019,1.5,1275.4
81.052,1.5,1275.4
81.086,1.5,1275.4
81.119,1.5,1275.4
81.152,1.5,1275.4
81.186,1.5,1275.4
81.219,1.5,1275.3
81.252,1.5,1275.3
81.286,1.5,1275.4
81.319,1.5,1275.4
81.352,1.5,1275.4
81.386,1.5,1275.4
81.419,1.5,1275.4
81.452,1.5,1275.4
81.486,1.5,1275.3
81.519,1.5,1275.3
81.552,1.5,1275.3
81.586,1.5,1275.3
81.619,1.5,1275.2
81.652,1.5,1275.2
81.686,1.5,1275.2
81.719,1.5,1275.2
81.752,1.5,1275.2
81.786,1.5,1275.2
81.819,1.5,1275.2
81.852,1.5,1275.2
81.886,1.5,1275.2
81.919,1.5,1275.2
81.953,1.5,1275.2
81.986,1.5,1275.2
82.019,1.5,1275.2
82.052,1.5,1275.2
82.086,1.5,1275.2
82.119,1.5,1275.2
82.152,1.5,1275.2
82.186,1.5,1275.2
82.219,1.5,1275.2
82.252,1.5,1275.2
82.286,1.5,1275.1
82.319,1.5,1275.1
82.352,1.5,1275.1
82.386,1.5,1275.1
82.419,1.5,1275.1
82.452,1.5,1275.1
82.486,1.5,1275.1
82.519,1.5,1275.1
82.552,1.5,1275
82.586,1.5,1275.1
82.619,1.5,1275.1
82.652,1.5,1275
82.686,1.5,1275
82.719,1.5,1275
82.752,1.5,1275
82.786,1.5,1275
82.819,1.5,1275
82.853,1.5,1275
82.886,1.5,1275
82.919,1.5,1275
82.952,1.5,1274.9
82.986,1.5,1274.9
83.019,1.5,1274.9
83.052,1.5,1274.9
83.086,1.5,1274.9
83.119,1.5,1274.9
83.152,1.5,1274.9
83.186,1.5,1274.9
83.219,1.5,1274.9
83.252,1.5,1274.9
83.286,1.5,1274.9
83.319,1.5,1274.8
83.353,1.5,1274.9
83.386,1.5,1274.9
83.419,1.5,1274.9
83.452,1.5,1274.9
83.486,1.5,1274.9
83.519,1.5,1274.9
83.552,1.5,1274.8
83.586,1.5,1274.8
83.619,1.5,1274.7
83.653,1.5,1274.8
83.686,1.5,1274.8
83.719,1.5,1274.7
83.752,1.5,1274.7
83.786,1.5,1274.7
83.819,1.5,1274.7
83.852,1.5,1274.7
83.886,1.5,1274.7
83.919,1.5,1274.8
83.953,1.5,1274.8
83.986,1.5,1274.7
84.019,1.5,1274.7
84.052,1.5,1274.7
84.086,1.5,1274.6
84.119,1.5,1274.6
84.153,1.5,1274.6
84.186,1.5,1274.6
84.219,1.5,1274.6
84.252,1.5,1274.6
84.286,1.5,1274.6
84.319,1.5,1274.6
84.352,1.5,1274.6
84.386,1.5,1274.6
84.419,1.5,1274.6
84.453,1.5,1274.6
84.486,1.5,1274.6
84.519,1.5,1274.6
84.552,1.5,1274.6
84.586,1.5,1274.6
84.619,1.5,1274.6
84.652,1.5,1274.6
84.686,1.5,1274.6
84.719,1.5,1274.5
84.753,1.5,1274.5
84.786,1.5,1274.5
84.819,1.5,1274.6
84.852,1.5,1274.6
84.886,1.5,1274.5
84.919,1.5,1274.5
84.953,1.5,1274.5
84.986,1.5,1274.5
85.019,1.5,1274.5
85.053,1.5,1274.5
85.086,1.5,1274.4
85.119,1.5,1274.4
85.152,1.5,1274.4
85.186,1.5,1274.4
85.219,1.5,1274.4
85.252,1.5,1274.4
85.286,1.5,1274.4
85.319,1.5,1274.4
85.353,1.5,1274.4
85.386,1.5,1274.4
85.419,1.5,1274.4
85.452,1.5,1274.4
85.486,1.5,1274.4
85.519,1.5,1274.4
85.552,1.5,1274.3
85.586,1.5,1274.4
85.619,1.5,1274.4
85.652,1.5,1274.4
85.686,1.5,1274.3
85.719,1.5,1274.3
85.752,1.5,1274.3
85.786,1.5,1274.3
85.819,1.5,1274.3
85.853,1.5,1274.3
85.886,1.5,1274.3
85.919,1.5,1274.3
85.952,1.5,1274.3
85.986,1.5,1274.2
86.019,1.5,1274.2
86.053,1.5,1274.3
86.086,1.5,1274.3
86.119,1.5,1274.3
86.153,1.5,1274.2
86.186,1.5,1274.2
86.219,1.5,1274.2
86.253,1.5,1274.1
86.286,1.5,1274.1
86.319,1.5,1274.2
86.353,1.5,1274.1
86.386,1.5,1274.1
86.419,1.5,1274.1
86.452,1.5,1274
86.486,1.5,1274
86.519,1.5,1274
86.553,1.5,1274.1
86.586,1.5,1274.1
86.619,1.5,1274.1
86.653,1.5,1274
86.686,1.5,1274
86.719,1.5,1274
86.752,1.5,1274.1
86.786,1.5,1274.1
86.819,1.5,1274
86.853,1.5,1274
86.886,1.5,1274
86.919,1.5,1274
86.953,1.5,1274
86.986,1.5,1274
87.019,1.5,1274
87.053,1.5,1274
87.086,1.5,1274
87.119,1.5,1274
87.153,1.5,1274
87.186,1.5,1274
87.219,1.5,1274
87.252,1.5,1274
87.286,1.5,1273.9
87.319,1.5,1273.9
87.352,1.5,1273.9
87.386,1.5,1273.9
87.419,1.5,1273.9
87.453,1.5,1273.9
87.486,1.5,1273.9
87.519,1.5,1273.8
87.553,1.5,1273.8
87.586,1.5,1273.9
87.619,1.5,1273.8
87.653,1.5,1273.8
87.686,1.5,1273.9
87.719,1.5,1273.8
87.753,1.5,1273.8
87.786,1.5,1273.8
87.819,1.5,1273.8
87.853,1.5,1273.8
87.886,1.5,1273.8
87.919,1.5,1273.8
87.952,1.5,1273.8
87.986,1.5,1273.8
88.019,1.5,1273.8
88.053,1.5,1273.8
88.086,1.5,1273.8
88.119,1.5,1273.7
88.153,1.5,1273.7
88.186,1.5,1273.7
88.219,1.5,1273.7
88.252,1.5,1273.7
88.286,1.5,1273.7
88.319,1.5,1273.7
88.353,1.5,1273.7
88.386,1.5,1273.7
88.419,1.5,1273.7
88.453,1.5,1273.7
88.486,1.5,1273.7
88.519,1.5,1273.7
88.552,1.5,1273.7
88.586,1.5,1273.6
88.619,1.5,1273.6
88.652,1.5,1273.6
88.686,1.5,1273.6
88.719,1.5,1273.6
88.753,1.5,1273.6
88.786,1.5,1273.5
88.819,1.5,1273.5
88.853,1.5,1273.6
88.886,1.5,1273.6
88.919,1.5,1273.6
88.953,1.5,1273.5
88.986,1.5,1273.5
89.019,1.5,1273.5
89.053,1.5,1273.5
89.086,1.5,1273.5
89.119,1.5,1273.5
89.153,1.5,1273.5
89.186,1.5,1273.5
89.219,1.5,1273.5
89.252,1.5,1273.5
89.286,1.5,1273.5
89.319,1.5,1273.5
89.353,1.5,1273.5
89.386,1.5,1273.5
89.419,1.5,1273.5
89.453,1.5,1273.5
89.486,1.5,1273.5
89.519,1.5,1273.3
89.552,1.5,1273.4
89.586,1.5,1273.4
89.619,1.5,1273.3
89.653,1.5,1273.3
89.686,1.5,1273.3
89.719,1.5,1273.3
89.753,1.5,1273.3
89.786,1.5,1273.3
89.819,1.5,1273.2
89.853,1.5,1273.2
89.886,1.5,1273.2
89.919,1.5,1273.3
89.952,1.5,1273.3
89.986,1.5,1273.3
90.019,1.5,1273.3
90.053,1.5,1273.3
90.086,1.5,1273.3
90.119,1.5,1273.2
90.153,1.5,1273.2
90.186,1.5,1273.2
90.219,1.5,1273.2
90.253,1.5,1273.2
90.286,1.5,1273.2
90.319,1.5,1273.2
90.353,1.5,1273.2
90.386,1.5,1273.1
90.419,1.5,1273.2
90.453,1.5,1273.2
90.486,1.5,1273.1
90.519,1.5,1273
90.553,1.5,1273
90.586,1.5,1273.1
90.619,1.5,1273.1
90.653,1.5,1273.1
90.686,1.5,1273.1
90.719,1.5,1273.1
90.753,1.5,1273.1
90.786,1.5,1273.1
90.819,1.5,1273
90.853,1.5,1273
90.886,1.5,1272.9
90.919,1.5,1272.9
90.953,1.5,1272.9
90.986,1.5,1272.8
91.019,1.5,1272.8
91.053,1.5,1272.8
91.086,1.5,1272.8
91.119,1.5,1272.8
91.153,1.5,1272.8
91.186,1.5,1272.8
91.219,1.5,1272.8
91.253,1.5,1272.8
91.286,1.5,1272.8
91.319,1.5,1272.8
91.353,1.5,1272.8
91.386,1.5,1272.8
91.419,1.5,1272.8
91.453,1.5,1272.8
91.486,1.5,1272.8
91.519,1.5,1272.8
91.553,1.5,1272.8
91.586,1.5,1272.8
91.619,1.5,1272.8
91.653,1.5,1272.8
91.686,1.5,1272.8
91.719,1.5,1272.8
91.753,1.5,1272.8
91.786,1.5,1272.8
91.819,1.5,1272.8
91.853,1.5,1272.8
91.886,1.5,1272.8
91.919,1.5,1272.8
91.953,1.5,1272.8
91.986,1.5,1272.8
92.019,1.5,1272.7
92.053,1.5,1272.7
92.086,1.5,1272.7
92.119,1.5,1272.7
92.153,1.5,1272.7
92.186,1.5,1272.7
92.219,1.5,1272.6
92.253,1.5,1272.6
92.286,1.5,1272.6
92.319,1.5,1272.6
92.353,1.5,1272.6
92.386,1.5,1272.6
92.419,1.5,1272.6
92.453,1.5,1272.5
92.486,1.5,1272.5
92.519,1.5,1272.5
92.553,1.5,1272.5
92.586,1.5,1272.5
92.619,1.5,1272.6
92.653,1.5,1272.6
92.686,1.5,1272.6
92.719,1.5,1272.5
92.753,1.5,1272.5
92.786,1.5,1272.5
92.819,1.5,1272.6
92.853,1.5,1272.5
92.886,1.5,1272.5
92.919,1.5,1272.5
92.953,1.5,1272.5
92.986,1.5,1272.5
93.019,1.5,1272.5
94.253,1.5,1272.2
94.286,1.5,1272.1
94.319,1.5,1272.1
94.353,1.5,1272.2
94.386,1.5,1272.1
94.419,1.5,1272.1
94.453,1.5,1272.1
94.486,1.5,1272.1
94.519,1.5,1272.1
94.553,1.5,1272.1
94.586,1.5,1272.1
94.619,1.5,1272.1
94.653,1.5,1272.1
94.686,1.5,1272
94.719,1.5,1272
94.753,1.5,1272
94.786,1.5,1272
94.819,1.5,1272
94.853,1.5,1272
94.886,1.5,1272
94.919,1.5,1272
94.953,1.5,1272
94.986,1.5,1272
95.019,1.5,1272
95.053,1.5,1272
95.086,1.5,1272
95.119,1.5,1272
95.153,1.5,1272
95.186,1.5,1272
95.219,1.5,1272
95.253,1.5,1272
95.286,1.5,1272
95.319,1.5,1272
95.353,1.5,1272
95.386,1.5,1272
95.419,1.5,1271.9
95.453,1.5,1271.9
95.486,1.5,1271.9
95.52,1.5,1271.9
95.553,1.5,1271.9
95.586,1.5,1271.9
95.619,1.5,1271.9
95.653,1.5,1271.9
95.686,1.5,1271.9
95.719,1.5,1271.8
95.753,1.5,1271.8
95.786,1.5,1271.8
95.819,1.5,1271.9
95.853,1.5,1271.8
95.886,1.5,1271.8
95.919,1.5,1271.8
95.953,1.5,1271.8
95.986,1.5,1271.8
96.019,1.5,1271.7
96.053,1.5,1271.7
96.086,1.5,1271.7
96.119,1.5,1271.8
96.153,1.5,1271.7
96.186,1.5,1271.7
96.219,1.5,1271.7
96.253,1.5,1271.8
96.286,1.5,1271.8
96.319,1.5,1271.7
96.353,1.5,1271.7
96.386,1.5,1271.7
96.419,1.5,1271.7
96.453,1.5,1271.7
96.486,1.5,1271.7
96.519,1.5,1271.7
96.553,1.5,1271.7
96.586,1.5,1271.6
96.619,1.5,1271.6
96.653,1.5,1271.6
96.686,1.5,1271.6
96.719,1.5,1271.6
96.753,1.5,1271.6
96.786,1.5,1271.6
96.819,1.5,1271.6
96.853,1.5,1271.6
96.886,1.5,1271.6
96.919,1.5,1271.6
96.953,1.5,1271.6
96.986,1.5,1271.6
97.019,1.5,1271.5
97.053,1.5,1271.5
97.086,1.5,1271.6
97.119,1.5,1271.6
97.153,1.5,1271.6
97.186,1.5,1271.6
97.219,1.5,1271.6
97.253,1.5,1271.6
97.286,1.5,1271.5
97.319,1.5,1271.5
97.353,1.5,1271.5
97.386,1.5,1271.5
97.419,1.5,1271.5
97.453,1.5,1271.4
97.486,1.5,1271.4
97.519,1.5,1271.4
97.553,1.5,1271.4
97.586,1.5,1271.4
97.619,1.5,1271.4
97.653,1.5,1271.4
97.686,1.5,1271.4
97.72,1.5,1271.4
97.753,1.5,1271.4
97.786,1.5,1271.3
97.82,1.5,1271.3
97.853,1.5,1271.3
97.886,1.5,1271.3
97.919,1.5,1271.3
97.953,1.5,1271.3
97.986,1.5,1271.3
98.019,1.5,1271.3
98.053,1.5,1271.3
98.086,1.5,1271.3
98.119,1.5,1271.3
98.153,1.5,1271.3
98.186,1.5,1271.2
98.219,1.5,1271.2
98.253,1.5,1271.2
98.286,1.5,1271.2
98.32,1.5,1271.2
98.353,1.5,1271.2
98.386,1.5,1271.2
98.419,1.5,1271.2
98.453,1.5,1271.2
98.486,1.5,1271.2
98.519,1.5,1271.2
98.553,1.5,1271.2
98.586,1.5,1271.2
98.619,1.5,1271.2
98.653,1.5,1271.1
98.686,1.5,1271.1
98.719,1.5,1271.1
98.753,1.5,1271.1
98.786,1.5,1271.1
98.82,1.5,1271.1
98.853,1.5,1271.1
98.886,1.5,1271.1
98.919,1.5,1271.1
98.953,1.5,1271
98.986,1.5,1271
99.019,1.5,1271.1
99.053,1.5,1271.1
99.086,1.5,1271.1
99.119,1.5,1271
99.153,1.5,1271
99.186,1.5,1271
99.219,1.5,1271
99.253,1.5,1271
99.286,1.5,1271
99.319,1.5,1271
99.353,1.5,1270.9
99.386,1.5,1270.9
99.419,1.5,1270.9
99.453,1.5,1270.9
99.486,1.5,1270.9
99.519,1.5,1270.9
99.553,1.5,1270.9
99.586,1.5,1270.9
99.619,1.5,1270.9
99.653,1.5,1270.9
99.686,1.5,1270.9
99.72,1.5,1270.9
99.753,1.5,1270.9
99.786,1.5,1270.9
99.819,1.5,1270.9
99.853,1.5,1270.9
99.886,1.5,1270.8
99.92,1.5,1270.8
99.953,1.5,1270.8
99.986,1.5,1270.8
100.019,1.5,1270.8
100.053,1.5,1270.8
100.086,1.5,1270.8
100.12,1.5,1270.8
100.153,1.5,1270.8
100.186,1.5,1270.8
100.219,1.5,1270.7
100.253,1.5,1270.7
100.286,1.5,1270.7
100.32,1.5,1270.7
100.353,1.5,1270.7
100.386,1.5,1270.7
100.42,1.5,1270.7
100.453,1.5,1270.7
100.486,1.5,1270.7
100.52,1.5,1270.6
100.553,1.5,1270.6
100.586,1.5,1270.7
100.619,1.5,1270.7
100.653,1.5,1270.7
100.686,1.5,1270.7
100.72,1.5,1270.7
100.753,1.5,1270.6
100.786,1.5,1270.7
100.82,1.5,1270.7
100.853,1.5,1270.7
100.886,1.5,1270.7
100.92,1.5,1270.7
100.953,1.5,1270.5
100.986,1.5,1270.6
101.02,1.5,1270.6
101.053,1.5,1270.5
101.086,1.5,1270.5
101.12,1.5,1270.5
101.153,1.5,1270.6
101.186,1.5,1270.5
101.219,1.5,1270.5
101.253,1.5,1270.5
101.286,1.5,1270.5
101.32,1.5,1270.5
101.353,1.5,1270.5
101.386,1.5,1270.5
101.42,1.5,1270.5
101.453,1.5,1270.5
101.486,1.5,1270.5
101.52,1.5,1270.5
101.553,1.5,1270.4
101.586,1.5,1270.4
101.619,1.5,1270.4
101.653,1.5,1270.4
101.686,1.5,1270.4
101.72,1.5,1270.4
101.753,1.5,1270.4
101.786,1.5,1270.4
101.819,1.5,1270.4
101.853,1.5,1270.3
101.886,1.5,1270.3
101.92,1.5,1270.4
101.953,1.5,1270.3
101.986,1.5,1270.3
102.02,1.5,1270.3
102.053,1.5,1270.3
102.086,1.5,1270.3
102.12,1.5,1270.3
102.153,1.5,1270.3
102.186,1.5,1270.3
102.219,1.5,1270.3
102.253,1.5,1270.3
102.286,1.5,1270.3
102.32,1.5,1270.2
102.353,1.5,1270.3
102.386,1.5,1270.3
102.419,1.5,1270.2
102.453,1.5,1270.3
102.486,1.5,1270.3
102.52,1.5,1270.2
102.553,1.5,1270.2
102.586,1.5,1270.2
102.619,1.5,1270.2
102.653,1.5,1270.2
102.686,1.5,1270.2
102.72,1.5,1270.2
102.753,1.5,1270.2
102.786,1.5,1270.2
102.82,1.5,1270.2
102.853,1.5,1270.2
102.886,1.5,1270.2
102.919,1.5,1270.1
102.953,1.5,1270.1
102.986,1.5,1270.1
103.02,1.5,1270.1
103.053,1.5,1270.1
103.086,1.5,1270.1
103.12,1.5,1270.1
103.153,1.5,1270.1
103.186,1.5,1270.1
103.22,1.5,1270
103.253,1.5,1270
103.286,1.5,1270.1
103.319,1.5,1270.1
103.353,1.5,1270.1
103.386,1.5,1270
103.419,1.5,1270
103.453,1.5,1270
103.486,1.5,1270
103.52,1.5,1270
103.553,1.5,1270
103.586,1.5,1270
103.62,1.5,1270
103.653,1.5,1270
103.686,1.5,1270
103.72,1.5,1270
103.753,1.5,1270
103.786,1.5,1270
103.819,1.5,1270
103.853,1.5,1270
103.886,1.5,1270
103.92,1.5,1270
103.953,1.5,1270
103.986,1.5,1269.9
104.02,1.5,1269.9
104.053,1.5,1269.9
104.086,1.5,1269.9
104.12,1.5,1269.9
104.153,1.5,1269.9
104.186,1.5,1269.9
104.22,1.5,1269.9
104.253,1.5,1269.8
104.286,1.5,1269.8
104.32,1.5,1269.8
104.353,1.5,1269.9
104.386,1.5,1269.8
104.42,1.5,1269.8
104.453,1.5,1269.8
104.486,1.5,1269.8
104.52,1.5,1269.8
104.553,1.5,1269.7
104.586,1.5,1269.8
104.62,1.5,1269.8
104.653,1.5,1269.8
104.686,1.5,1269.7
104.72,1.5,1269.7
104.753,1.5,1269.7
104.786,1.5,1269.7
104.82,1.5,1269.7
104.853,1.5,1269.7
104.886,1.5,1269.7
104.92,1.5,1269.7
104.953,1.5,1269.7
104.986,1.5,1269.7
105.02,1.5,1269.7
105.053,1.5,1269.6
105.086,1.5,1269.6
105.12,1.5,1269.7
105.153,1.5,1269.7
105.186,1.5,1269.7
105.22,1.5,1269.6
105.253,1.5,1269.6
105.286,1.5,1269.6
105.32,1.5,1269.6
105.353,1.5,1269.6
105.386,1.5,1269.6
105.42,1.5,1269.5
105.453,1.5,1269.5
105.486,1.5,1269.5
105.52,1.5,1269.6
105.553,1.5,1269.5
105.586,1.5,1269.5
105.62,1.5,1269.5
105.653,1.5,1269.5
105.686,1.5,1269.5
105.72,1.5,1269.5
105.753,1.5,1269.5
105.786,1.5,1269.5
105.82,1.5,1269.5
105.853,1.5,1269.4
105.886,1.5,1269.4
105.92,1.5,1269.5
105.953,1.5,1269.5
105.986,1.5,1269.4
106.02,1.5,1269.4
106.053,1.5,1269.4
106.086,1.5,1269.4
106.12,1.5,1269.4
106.153,1.5,1269.4
106.186,1.5,1269.4
106.22,1.5,1269.4
106.253,1.5,1269.4
106.286,1.5,1269.3
106.32,1.5,1269.3
106.353,1.5,1269.3
106.386,1.5,1269.3
106.42,1.5,1269.3
106.453,1.5,1269.3
106.486,1.5,1269.3
106.52,1.5,1269.3
106.553,1.5,1269.3
106.586,1.5,1269.3
106.62,1.5,1269.3
106.653,1.5,1269.3
106.686,1.5,1269.3
106.72,1.5,1269.2
106.753,1.5,1269.2
106.786,1.5,1269.3
106.82,1.5,1269.2
106.853,1.5,1269.2
106.886,1.5,1269.2
106.92,1.5,1269.2
106.953,1.5,1269.2
106.986,1.5,1269.2
107.02,1.5,0
107.053,1.5,1269.2
107.086,1.5,1269.2
107.12,1.5,1269.2
107.153,1.5,1269.1
107.186,1.5,1269.1
107.22,1.5,1269.1
107.253,1.5,1269.1
107.286,1.5,1269.2
107.32,1.5,1269.2
107.353,1.5,1269.2
107.386,1.5,1269.1
107.42,1.5,1269.1
107.453,1.5,1269.1
107.486,1.5,1269.1
107.52,1.5,1269.1
107.553,1.5,1269.1
107.586,1.5,1269
107.62,1.5,1269
107.653,1.5,1269
107.686,1.5,1269
107.72,1.5,1269
107.753,1.5,1269
107.786,1.5,1269
107.82,1.5,1269
107.853,1.5,1269
107.886,1.5,1268.9
107.92,1.5,1268.9
107.953,1.5,1268.9
107.986,1.5,1268.9
108.02,1.5,1268.9
108.053,1.5,1269
108.086,1.5,1269
108.12,1.5,1269
108.153,1.5,1268.9
108.186,1.5,1268.9
108.22,1.5,1268.8
108.253,1.5,1268.8
108.286,1.5,1268.8
108.32,1.5,1268.8
108.353,1.5,1268.8
108.386,1.5,1268.8
108.42,1.5,1268.9
108.453,1.5,1268.8
108.486,1.5,1268.8
108.52,1.5,1268.8
108.553,1.5,1268.9
108.586,1.5,1268.9
108.62,1.5,1268.8
108.653,1.5,1268.8
108.686,1.5,1268.8
108.72,1.5,1268.8
108.753,1.5,1268.8
108.786,1.5,1268.8
108.82,1.5,1268.7
108.853,1.5,1268.7
108.886,1.5,1268.7
108.92,1.5,1268.7
108.953,1.5,1268.7
108.986,1.5,1268.7
109.02,1.5,1268.7
109.053,1.5,1268.7
109.086,1.5,1268.7
109.12,1.5,1268.7
109.153,1.5,1268.7
109.186,1.5,1268.7
109.22,1.5,1268.6
109.253,1.5,1268.6
109.286,1.5,1268.6
109.32,1.5,1268.6
109.353,1.5,1268.6
109.386,1.5,1268.6
109.42,1.5,1268.6
109.453,1.5,1268.6
109.486,1.5,1268.6
109.52,1.5,1268.6
109.553,1.5,1268.6
109.587,1.5,1268.6
109.62,1.5,1268.6
109.653,1.5,1268.6
109.686,1.5,1268.6
109.72,1.5,1268.5
109.753,1.5,1268.5
109.786,1.5,1268.5
109.82,1.5,1268.5
109.853,1.5,1268.5
109.887,1.5,1268.5
109.92,1.5,1268.5
109.953,1.5,1268.5
109.986,1.5,1268.5
110.02,1.5,1268.5
110.053,1.5,1268.5
110.087,1.5,1268.5
110.12,1.5,1268.5
110.153,1.5,1268.5
110.186,1.5,1268.5
110.22,1.5,1268.4
110.253,1.5,1268.4
110.286,1.5,1268.4
110.32,1.5,1268.4
110.353,1.5,1268.4
110.387,1.5,1268.4
110.42,1.5,1268.4
110.453,1.5,1268.4
110.486,1.5,1268.4
110.52,1.5,1268.4
110.553,1.5,1268.4
110.586,1.5,1268.4
110.62,1.5,1268.4
110.653,1.5,1268.4
110.686,1.5,1268.3
110.72,1.5,1268.3
110.753,1.5,1268.3
110.786,1.5,1268.4
110.82,1.5,1268.4
110.853,1.5,1268.4
110.886,1.5,1268.3
110.92,1.5,1268.3
110.953,1.5,1268.3
110.986,1.5,1268.3
111.02,1.5,1268.3
111.053,1.5,1268.2
111.086,1.5,1268.3
111.12,1.5,1268.3
111.153,1.5,1268.3
111.186,1.5,1268.2
111.22,1.5,1268.2
111.253,1.5,1268.2
111.286,1.5,1268.2
111.32,1.5,1268.2
111.353,1.5,1268.2
111.386,1.5,1268.2
111.42,1.5,1268.1
111.453,1.5,1268.2
111.487,1.5,1268.2
111.52,1.5,1268.2
111.553,1.5,1268.1
111.586,1.5,1268.1
111.62,1.5,1268.1
111.653,1.5,1268.1
111.687,1.5,1268.1
111.72,1.5,1268.1
111.753,1.5,1268.1
111.786,1.5,1268.1
111.82,1.5,1268.1
111.853,1.5,1268.1
111.887,1.5,1268.1
111.92,1.5,1268.1
111.953,1.5,1268.1
111.986,1.5,1268.1
112.02,1.5,1267.9
112.053,1.5,1267.9
112.086,1.5,1267.9
112.12,1.5,1268
112.153,1.5,1267.9
112.186,1.5,1267.9
112.22,1.5,1268
112.253,1.5,1268
112.286,1.5,1268
112.32,1.5,1268
112.353,1.5,1267.9
112.386,1.5,1267.9
112.42,1.5,1268
112.453,1.5,1268
112.487,1.5,1267.9
112.52,1.5,1267.8
112.553,1.5,1267.8
112.587,1.5,1267.8
112.62,1.5,1267.8
112.653,1.5,1267.8
112.686,1.5,1267.8
112.72,1.5,1267.8
112.753,1.5,1267.8
112.786,1.5,1267.8
112.82,1.5,1267.8
112.853,1.5,1267.8
112.886,1.5,1267.8
112.92,1.5,1267.8
112.953,1.5,1267.8
112.986,1.5,1267.8
113.02,1.5,1267.7
113.053,1.5,1267.7
113.087,1.5,1267.7
113.12,1.5,1267.7
113.153,1.5,1267.7
113.186,1.5,1267.7
113.22,1.5,1267.7
113.253,1.5,1267.7
113.287,1.5,1267.7
113.32,1.5,1267.7
113.353,1.5,1267.7
113.387,1.5,1267.6
113.42,1.5,1267.6
113.453,1.5,1267.6
113.486,1.5,1267.6
113.52,1.5,1267.6
113.553,1.5,1267.6
113.587,1.5,1267.6
113.62,1.5,1267.6
113.653,1.5,1267.6
113.686,1.5,1267.6
113.72,1.5,1267.6
113.753,1.5,1267.6
113.787,1.5,1267.5
113.82,1.5,1267.5
113.853,1.5,1267.5
113.887,1.5,1267.5
113.92,1.5,1267.5
113.953,1.5,1267.5
113.986,1.5,1267.6
114.02,1.5,1267.6
114.053,1.5,1267.5
114.087,1.5,1267.5
114.12,1.5,1267.5
114.153,1.5,1267.5
114.187,1.5,1267.5
114.22,1.5,1267.5
114.253,1.5,1267.5
114.287,1.5,1267.5
114.32,1.5,1267.5
114.353,1.5,1267.4
114.386,1.5,1267.4
114.42,1.5,1267.4
114.453,1.5,1267.4
114.487,1.5,1267.3
114.52,1.5,1267.3
114.553,1.5,1267.4
114.586,1.5,1267.4
114.62,1.5,1267.3
114.653,1.5,1267.3
114.687,1.5,1267.3
114.72,1.5,1267.3
114.753,1.5,1267.4
114.786,1.5,1267.4
114.82,1.5,1267.4
114.853,1.5,1267.4
114.886,1.5,1267.4
114.92,1.5,1267.3
114.953,1.5,1267.3
114.986,1.5,1267.3
115.02,1.5,1267.3
115.053,1.5,1267.3
115.086,1.5,1267.3
115.12,1.5,1267.2
115.153,1.5,1267.3
115.186,1.5,1267.3
115.22,1.5,1267.3
115.253,1.5,1267.2
115.286,1.5,1267.2
115.32,1.5,1267.2
115.353,1.5,1267.3
115.386,1.5,1267.3
115.42,1.5,1267.3
115.453,1.5,1267.2
115.486,1.5,1267.2
115.52,1.5,1267.2
115.553,1.5,1267.2
115.586,1.5,1267.2
115.62,1.5,1267.2
115.653,1.5,1267.2
115.686,1.5,1267.2
115.72,1.5,1267.1
115.753,1.5,1267.1
115.786,1.5,1267.1
115.82,1.5,1267.1
115.853,1.5,1267.1
115.886,1.5,1267
115.92,1.5,1267.1
115.953,1.5,1267.1
115.986,1.5,1267
116.02,1.5,1267
116.053,1.5,1267
116.086,1.5,1267
116.12,1.5,1267
116.153,1.5,1267
116.186,1.5,1267
116.22,1.5,1267
116.253,1.5,1267
116.286,1.5,1267
116.32,1.5,1267
116.353,1.5,1267
116.386,1.5,1267
116.42,1.5,1266.9
116.453,1.5,1266.9
116.486,1.5,1266.9
116.52,1.5,1266.9
116.553,1.5,1266.9
116.586,1.5,1266.9
116.62,1.5,1266.9
116.653,1.5,1266.9
116.686,1.5,1266.9
116.72,1.5,1266.9
116.753,1.5,1266.9
116.786,1.5,1266.8
116.82,1.5,1266.8
116.853,1.5,1266.8
116.886,1.5,1266.8
116.92,1.5,1266.8
116.953,1.5,1266.8
116.986,1.5,1266.8
117.02,1.5,1266.8
117.053,1.5,1266.8
117.086,1.5,1266.8
117.12,1.5,1266.8
117.153,1.5,1266.8
117.186,1.5,1266.7
117.22,1.5,1266.7
117.253,1.5,1266.8
117.286,1.5,1266.8
117.32,1.5,1266.8
117.353,1.5,1266.8
117.386,1.5,1266.8
117.42,1.5,1266.8
117.453,1.5,1266.8
117.486,1.5,1266.6
117.52,1.5,1266.6
117.553,1.5,1266.6
117.586,1.5,1266.6
117.62,1.5,1266.6
117.653,1.5,1266.6
117.686,1.5,1266.6
117.72,1.5,1266.6
117.753,1.5,1266.6
117.786,1.5,1266.6
117.82,1.5,1266.6
117.853,1.5,1266.6
117.886,1.5,1266.6
117.92,1.5,1266.6
117.953,1.5,1266.6
117.986,1.5,1266.6
118.02,1.5,1266.5
118.053,1.5,1266.5
118.086,1.5,1266.5
118.12,1.5,1266.5
118.153,1.5,1266.5
118.186,1.5,1266.5
118.22,1.5,1266.5
118.253,1.5,1266.5
118.286,1.5,1266.5
118.32,1.5,1266.5
118.353,1.5,1266.5
118.386,1.5,1266.5
118.42,1.5,1266.5
118.453,1.5,1266.5
118.486,1.5,1266.5
118.52,1.5,1266.5
118.553,1.5,1266.5
118.586,1.5,1266.5
118.62,1.5,1266.4
118.653,1.5,1266.4
118.686,1.5,1266.4
118.72,1.5,1266.4
118.753,1.5,1266.4
118.786,1.5,1266.4
118.82,1.5,1266.4
118.853,1.5,1266.4
118.886,1.5,1266.4
118.92,1.5,1266.4
118.953,1.5,1266.4
118.986,1.5,1266.3
119.02,1.5,1266.3
119.053,1.5,1266.3
119.086,1.5,1266.3
119.12,1.5,1266.3
119.153,1.5,1266.3
119.186,1.5,1266.3
119.22,1.5,1266.3
119.253,1.5,1266.3
119.286,1.5,1266.3
119.32,1.5,1266.3
119.353,1.5,1266.3
119.386,1.5,1266.3
119.42,1.5,1266.3
119.453,1.5,1266.3
119.486,1.5,1266.3
119.52,1.5,1266.3
119.553,1.5,1266.3
119.587,1.5,1266.2
119.62,1.5,1266.2
119.653,1.5,1266.2
119.687,1.5,1266.2
119.72,1.5,1266.2
119.753,1.5,1266.2
119.787,1.5,1266.2
119.82,1.5,1266.2
119.853,1.5,1266.2
119.886,1.5,1266.2
119.92,1.5,0
119.953,1.5,1266.2
119.987,1.5,1266.2
120.02,1.5,1266.2
120.053,1.5,1266.1
120.087,1.5,1266.1
120.12,1.5,1266.1
120.153,1.5,1266.1
120.187,1.5,1266.1
120.22,1.5,1266.1
120.253,1.5,1266
120.287,1.5,1266
120.32,1.5,1266
120.353,1.5,1266
120.387,1.5,1266
120.42,1.5,1266
120.453,1.5,1266
120.487,1.5,1265.9
120.52,1.5,1265.9
120.553,1.5,1266
120.587,1.5,1266
120.62,1.5,1266
120.653,1.5,1265.9
120.687,1.5,1265.9
120.72,1.5,1265.9
120.753,1.5,1265.9
120.787,1.5,1265.9
120.82,1.5,1265.9
120.853,1.5,1265.9
120.887,1.5,1265.9
120.92,1.5,1265.9
120.953,1.5,1265.9
120.987,1.5,1265.9
121.02,1.5,1265.9
121.053,1.5,1265.8
121.087,1.5,1265.8
121.12,1.5,1265.9
121.153,1.5,1265.9
121.187,1.5,1265.9
121.22,1.5,1265.8
121.253,1.5,1265.9
121.287,1.5,1265.9
121.32,1.5,1265.8
121.353,1.5,1265.8
121.387,1.5,1265.8
121.42,1.5,1265.8
121.453,1.5,1265.8
121.487,1.5,1265.8
121.52,1.5,1265.8
121.553,1.5,1265.8
121.587,1.5,1265.8
121.62,1.5,1265.8
121.653,1.5,1265.7
121.687,1.5,1265.7
121.72,1.5,1265.7
121.753,1.5,1265.6
121.787,1.5,1265.6
121.82,1.5,1265.7
121.853,1.5,1265.6
121.887,1.5,1265.6
121.92,1.5,1265.7
121.953,1.5,1265.6
121.987,1.5,1265.6
122.02,1.5,1265.6
122.053,1.5,1265.6
122.087,1.5,1265.6
122.12,1.5,1265.6
122.153,1.5,1265.6
122.187,1.5,1265.6
122.22,1.5,1265.5
122.253,1.5,1265.5
122.287,1.5,1265.6
122.32,1.5,1265.6
122.353,1.5,1265.6
122.387,1.5,1265.5
122.42,1.5,1265.5
122.453,1.5,1265.5
122.487,1.5,1265.5
122.52,1.5,1265.5
122.553,1.5,1265.5
122.587,1.5,1265.5
122.62,1.5,1265.5
122.653,1.5,1265.5
122.687,1.5,1265.5
122.72,1.5,1265.5
122.753,1.5,1265.5
122.787,1.5,1265.5
122.82,1.5,1265.4
122.853,1.5,1265.4
122.887,1.5,1265.4
122.92,1.5,1265.4
122.953,1.5,1265.4
122.987,1.5,1265.4
123.02,1.5,1265.4
123.053,1.5,1265.4
123.087,1.5,1265.4
123.12,1.5,1265.4
123.153,1.5,1265.4
123.187,1.5,1265.4
123.22,1.5,1265.4
123.253,1.5,1265.4
123.287,1.5,1265.4
123.32,1.5,1265.4
123.353,1.5,1265.4
123.387,1.5,1265.3
123.42,1.5,1265.3
123.453,1.5,1265.3
123.487,1.5,1265.3
123.52,1.5,1265.3
123.553,1.5,1265.3
123.587,1.5,1265.3
123.62,1.5,1265.3
123.653,1.5,1265.3
123.687,1.5,1265.3
123.72,1.5,1265.3
123.753,1.5,1265.3
123.787,1.5,1265.2
123.82,1.5,1265.2
123.853,1.5,1265.2
123.887,1.5,1265.2
123.92,1.5,1265.2
123.953,1.5,1265.2
123.987,1.5,1265.2
124.02,1.5,1265.2
124.053,1.5,1265.1
124.087,1.5,1265.2
124.12,1.5,1265.2
124.153,1.5,1265.1
124.187,1.5,1265.1
124.22,1.5,1265.1
124.253,1.5,1265.1
124.287,1.5,1265.1
124.32,1.5,1265.1
124.353,1.5,1265.1
124.387,1.5,1265.1
124.42,1.5,1265.1
124.453,1.5,1265.1
124.487,1.5,1265.1
124.52,1.5,1265.1
124.553,1.5,1265
124.587,1.5,1265
124.62,1.5,1265
124.653,1.5,1265
124.687,1.5,1265
124.72,1.5,1265
124.753,1.5,1265
124.787,1.5,1265
124.82,1.5,1265
124.853,1.5,1265
124.887,1.5,1265
124.92,1.5,1265
124.953,1.5,1264.9
124.987,1.5,1264.9
125.02,1.5,1265
125.053,1.5,1264.9
125.087,1.5,1264.9
125.12,1.5,1264.9
125.153,1.5,1264.9
125.187,1.5,1264.9
125.22,1.5,1264.8
125.253,1.5,1264.9
125.287,1.5,1264.9
125.32,1.5,1264.8
125.353,1.5,1264.8
125.387,1.5,1264.9
125.42,1.5,1264.8
125.453,1.5,1264.8
125.487,1.5,1264.8
125.52,1.5,1264.8
125.553,1.5,1264.8
125.587,1.5,1264.8
125.62,1.5,1264.8
125.653,1.5,1264.8
125.687,1.5,1264.7
125.72,1.5,1264.7
125.753,1.5,1264.7
125.787,1.5,1264.8
125.82,1.5,1264.7
125.853,1.5,1264.7
125.887,1.5,1264.7
125.92,1.5,1264.7
125.953,1.5,1264.7
125.987,1.5,1264.7
126.02,1.5,1264.7
126.053,1.5,1264.7
126.087,1.5,1264.7
126.12,1.5,1264.7
126.153,1.5,1264.7
126.187,1.5,1264.7
126.22,1.5,1264.7
126.253,1.5,1264.7
126.287,1.5,1264.7
126.32,1.5,1264.6
126.353,1.5,1264.6
126.387,1.5,1264.6
126.42,1.5,1264.6
126.453,1.5,1264.6
126.487,1.5,1264.6
126.52,1.5,1264.6
126.553,1.5,1264.6
126.587,1.5,1264.6
126.62,1.5,1264.6
126.653,1.5,1264.6
126.687,1.5,1264.6
126.72,1.5,1264.6
126.753,1.5,1264.6
126.787,1.5,1264.6
126.82,1.5,1264.6
126.853,1.5,1264.6
126.887,1.5,1264.5
126.92,1.5,1264.5
126.953,1.5,1264.5
126.987,1.5,1264.5
127.02,1.5,1264.5
127.053,1.5,1264.5
127.087,1.5,1264.5
127.12,1.5,1264.5
127.153,1.5,1264.4
127.187,1.5,1264.5
127.22,1.5,1264.5
127.253,1.5,1264.4
127.287,1.5,1264.4
127.32,1.5,1264.4
127.353,1.5,1264.4
127.387,1.5,1264.4
127.42,1.5,1264.4
127.453,1.5,1264.4
127.487,1.5,1264.4
127.52,1.5,1264.4
127.553,1.5,1264.3
127.587,1.5,1264.3
127.62,1.5,1264.4
127.653,1.5,1264.3
127.687,1.5,1264.3
127.72,1.5,1264.3
127.753,1.5,1264.3
127.787,1.5,1264.3
127.82,1.5,1264.3
127.853,1.5,1264.3
127.887,1.5,1264.3
127.92,1.5,1264.3
127.953,1.5,1264.3
127.987,1.5,1264.3
128.02,1.5,1264.3
128.053,1.5,1264.3
128.087,1.5,1264.3
128.12,1.5,1264.2
128.153,1.5,1264.1
128.187,1.5,1264.1
128.22,1.5,1264.1
128.253,1.5,1264.1
128.287,1.5,1264.1
128.32,1.5,1264.2
128.353,1.5,1264.1
128.387,1.5,1264.1
128.42,1.5,1264.1
128.453,1.5,1264.1
128.487,1.5,1264.1
128.52,1.5,1264.1
128.553,1.5,1264.1
128.587,1.5,1264.1
128.62,1.5,1264.1
128.653,1.5,1264.1
128.687,1.5,1264.1
128.72,1.5,1264.1
128.753,1.5,1264.1
128.787,1.5,1264.1
128.82,1.5,1264.1
128.853,1.5,1264.1
128.887,1.5,1264
128.92,1.5,1264
128.953,1.5,1264
128.987,1.5,1264
129.02,1.5,1264
129.053,1.5,1264
129.087,1.5,1264
129.12,1.5,1264
129.153,1.5,1264
129.187,1.5,1264
129.22,1.5,1263.9
129.253,1.5,1263.9
129.287,1.5,1263.9
129.32,1.5,1263.9
129.353,1.5,1263.9
129.387,1.5,1263.9
129.42,1.5,1263.9
129.453,1.5,1263.9
129.487,1.5,1263.9
129.52,1.5,1263.9
129.553,1.5,1263.9
129.587,1.5,1263.9
129.62,1.5,1263.9
129.653,1.5,1263.9
129.687,1.5,1263.8
129.72,1.5,1263.8
129.753,1.5,1263.8
129.787,1.5,1263.8
129.82,1.5,1263.8
129.853,1.5,1263.8
129.887,1.5,1263.8
129.92,1.5,1263.8
129.953,1.5,1263.7
129.987,1.5,1263.8
130.02,1.5,1263.8
130.053,1.5,1263.7
130.087,1.5,1263.8
130.12,1.5,1263.8
130.153,1.5,1263.7
130.187,1.5,1263.7
130.22,1.199,1263.7
130.253,0.699,1263.7
130.287,0.199,1263.7
130.32,0,1263.7
130.353,0,1263.7
130.387,0,1263.7
130.42,0,1263.7
130.453,0,1263.7
130.487,0,1263.6
130.52,0,1263.6
130.553,0,1263.7
130.587,0,1263.7
130.62,0,1263.7
130.653,0,1263.6
130.687,0,1263.6
130.72,0,1263.6
130.753,0,1263.6
130.787,0,1263.6
130.82,0,1263.6
130.853,0,1263.6
130.887,0,1263.6
130.92,0,1263.6
130.953,0,1263.6
130.987,0,1263.6
131.02,0,1263.7
131.053,0,1263.6
131.087,0,1263.6
131.12,0,1263.6
131.153,0,1263.6
131.187,0,1263.6
131.22,0,1263.7
131.253,0,1263.6
131.287,0,1263.6
131.32,0,1263.6
131.353,0,1263.7
131.387,0,1263.7
131.42,0,1263.7
131.453,0,1263.6
131.487,0,1263.6
131.52,0,1263.6
131.553,0,1263.6
131.587,0,1263.6
131.62,0,1263.6
131.653,0,1263.6
131.687,0,1263.6
131.72,0,1263.6
131.753,0,1263.6
131.787,0,1263.6
131.82,0,1263.6
131.853,0,1263.6
131.887,0,1263.6
131.92,0,1263.6
131.953,0,1263.6
131.987,0,1263.6
132.02,0,1263.6
132.053,0,1263.6
132.087,0,1263.6
132.12,0,1263.6
132.153,0,1263.6
132.187,0,1263.6
132.22,0,1263.6
132.253,0,1263.6
132.287,0,1263.6
132.32,0,1263.7
132.353,0,1263.7
132.387,0,1263.7
132.42,0,1263.7
132.453,0,1263.7
132.487,0,1263.6
132.52,0,1263.6
132.553,0,1263.6
132.587,0,1263.6
132.62,0,1263.6
132.653,0,1263.6
132.687,0,1263.6
132.72,0,1263.6
132.753,0,1263.6
132.787,0,1263.6
132.82,0,1263.6
132.853,0,1263.6
132.887,0,1263.7
132.92,0,1263.7
132.953,0,1263.6
132.987,0,1263.6
133.02,0,1263.6
133.053,0,1263.6
133.087,0,1263.6
133.12,0,1263.6
133.153,0,1263.6
133.187,0,1263.6
133.22,0,1263.6
133.253,0,1263.6
133.287,0,1263.6
133.32,0,1263.6
133.353,0,1263.6
133.387,0,1263.6
133.42,0,1263.6
133.453,0,1263.6
133.487,0,1263.6
133.52,0,1263.6
133.553,0,1263.6
133.587,0,1263.6
133.62,0,1263.6
133.653,0,1263.6
133.687,0,1263.6
133.72,0,1263.6
133.753,0,1263.6
133.787,0,1263.6
133.82,0,1263.6
133.853,0,1263.6
133.887,0,1263.6
133.92,0,1263.6
133.953,0,1263.6
133.987,0,1263.6
134.02,0,1263.6
134.053,0,1263.5
134.087,0,1263.5
134.12,0,1263.5
134.153,0,1263.6
134.187,0,1263.6
134.22,0,1263.6
134.253,0,1263.6
134.287,0,1263.6
134.32,0,1263.6
134.353,0,1263.6
134.387,0,1263.6
134.42,0,1263.6
134.453,0,1263.6
134.487,0,1263.6
134.52,0,1263.5
134.553,0,1263.6
134.587,0,1263.6
134.62,0,1263.6
134.653,0,1263.6
134.687,0,1263.6
134.72,0,1263.6
134.753,0,1263.6
134.787,0,1263.6
134.82,0,1263.6
134.853,0,1263.6
134.887,0,1263.6
134.92,0,1263.6
134.953,0,1263.6
134.987,0,1263.6
135.02,0,1263.6
135.054,0,1263.6
135.087,0,1263.6
135.12,0,1263.6
135.153,0,1263.6
135.187,0,1263.6
135.22,0,1263.6
135.254,0,1263.6
135.287,0,1263.6
135.32,0,1263.6
135.354,0,1263.6
135.387,0,1263.6
135.42,0,1263.6
135.454,0,1263.6
135.487,0,1263.6
135.52,0,1263.6
135.553,0,1263.6
135.587,0,1263.6
135.62,0,1263.5
135.654,0,1263.5
135.687,0,1263.5
135.72,0,1263.5
135.754,0,1263.5
135.787,0,1263.5
135.82,0,1263.6
135.854,0,1263.6
135.887,0,1263.5
135.92,0,1263.5
135.954,0,1263.5
135.987,0,1263.5
136.02,0,1263.5
136.054,0,1263.5
136.087,0,1263.5
136.12,0,1263.5
136.154,0,1263.5
136.187,0,1263.6
136.22,0,1263.6
136.254,0,1263.6
136.287,0,1263.6
136.32,0,1263.6
136.354,0,1263.6
136.387,0,1263.5
136.42,0,1263.5
136.454,0,1263.6
136.487,0,1263.5
136.52,0,1263.5
136.554,0,1263.5
136.587,0,1263.6
136.62,0,1263.6
136.654,0,1263.5
136.687,0,1263.6
136.72,0,1263.6
136.754,0,1263.6
136.787,0,1263.6
136.82,0,1263.6
136.854,0,1263.5
136.887,0,1263.5
136.92,0,1263.5
136.954,0,1263.6
136.987,0,1263.6
137.02,0,1263.6
137.054,0,1263.6
137.087,0,1263.6
137.12,0,1263.6
137.154,0,1263.6
137.187,0,1263.6
137.22,0,1263.6
137.254,0,1263.6
137.287,0,1263.6
137.32,0,1263.6
137.354,0,1263.6
137.387,0,1263.6
137.42,0,1263.5
137.454,0,1263.5
137.487,0,1263.5
137.52,0,1263.6
137.554,0,1263.6
137.587,0,1263.6
137.62,0,1263.6
137.654,0,1263.5
137.687,0,1263.5
137.72,0,1263.5
137.754,0,1263.6
137.787,0,1263.6
137.82,0,1263.6
137.854,0,1263.6
137.887,0,1263.6
137.92,0,1263.6
137.954,0,1263.6
137.987,0,1263.6
138.02,0,1263.6
138.054,0,1263.6
138.087,0,1263.6
138.12,0,1263.6
138.154,0,1263.5
138.187,0,1263.5
138.22,0,1263.5
138.254,0,1263.5
138.287,0,1263.6
138.32,0,1263.6
138.354,0,1263.6
138.387,0,1263.5
138.42,0,1263.5
138.454,0,1263.5
138.487,0,1263.5
138.52,0,1263.5
138.554,0,1263.5
138.587,0,1263.5
138.62,0,1263.6
138.654,0,1263.6
138.687,0,1263.6
138.72,0,1263.5
138.754,0,1263.5
138.787,0,1263.5
138.82,0,1263.5
138.854,0,1263.5
138.887,0,1263.6
138.92,0,1263.5
138.954,0,1263.5
138.987,0,1263.5
139.02,0,1263.5
139.054,0,1263.5
139.087,0,1263.5
139.12,0,1263.5
139.154,0,1263.5
139.187,0,1263.6
139.22,0,1263.6
139.254,0,1263.6
139.287,0,1263.5
139.32,0,1263.5
139.354,0,1263.5
139.387,0,1263.6
139.42,0,1263.6
139.454,0,1263.5
139.487,0,1263.5
139.52,0,1263.5
139.554,0,1263.5
139.587,0,1263.5
139.62,0,1263.5
139.654,0,1263.5
139.687,0,1263.5
139.72,0,1263.5
139.754,0,1263.6
139.787,0,1263.6
139.82,0,1263.6
139.854,0,1263.6
139.887,0,1263.6
139.92,0,1263.6
139.954,0,1263.6
139.987,0,1263.6
140.02,0,1263.6
140.054,0,1263.6
140.087,0,1263.6
140.12,0,1263.6
140.154,0,1263.6
140.187,0,1263.6
140.22,0,1263.6
140.254,0,1263.6
140.287,0,1263.6
140.32,0.812,1263.6
140.354,2.146,1263.6
140.387,3.479,1263.6
140.42,4,1263.6
140.454,4,1263.6
140.487,4,1263.6
140.52,4,1263.5
140.554,4,1263.5
140.587,4,1263.5
140.62,4,1263.5
140.654,4,1263.4
140.687,4,1263.4
140.72,4,1263.4
140.754,4,1263.4
140.787,4,1263.4
140.82,4,1263.3
140.854,4,1263.3
140.887,4,1263.3
140.92,4,1263.3
140.954,4,1263.3
140.987,4,1263.3
141.02,4,1263.2
141.054,4,1263.2
141.087,4,1263.2
141.12,4,1263.2
141.154,4,1263.1
141.187,4,1263.1
141.22,4,1263
141.254,4,1263
141.287,4,1263
141.32,4,1263
141.354,4,1262.9
141.387,4,1262.9
141.42,4,1262.9
141.454,4,1262.9
141.487,4,1262.9
141.52,4,1262.9
141.554,4,1262.9
141.587,4,1262.8
141.62,4,1262.8
141.654,4,1262.8
141.687,4,1262.8
141.72,4,1262.8
141.754,4,1262.8
141.787,4,1262.8
141.82,4,1262.7
141.854,4,1262.7
141.887,4,1262.7
141.92,4,1262.7
141.954,4,1262.7
141.987,4,1262.6
142.02,4,1262.6
142.054,4,1262.6
142.087,4,1262.6
142.12,4,1262.5
142.154,4,1262.5
142.187,4,1262.5
142.22,4,1262.5
142.254,4,1262.5
142.287,4,1262.5
142.32,4,1262.4
142.354,4,1262.4
142.387,4,1262.3
142.421,4,1262.3
142.454,4,1262.3
142.487,4,1262.3
142.52,4,1262.3
142.554,4,1262.3
142.587,4,1262.2
142.621,4,1262.2
142.654,4,1262.2
142.687,4,1262.2
142.721,4,1262.2
142.754,4,1262.2
142.787,4,1262.2
142.821,4,1262.2
142.854,4,1262.1
142.887,4,1262.1
142.921,4,1262.1
142.954,4,1262
142.987,4,1262
143.021,4,1262
143.054,4,1262
143.087,4,1261.9
143.121,4,1261.9
143.154,4,1261.9
143.187,4,1261.8
143.221,4,1261.8
143.254,4,1261.8
143.287,4,1261.9
143.321,4,1261.9
143.354,4,1261.9
143.387,4,1261.8
143.421,4,1261.8
143.454,4,1261.8
143.487,4,1261.8
143.521,4,1261.8
143.554,4,1261.7
143.587,4,1261.7
143.621,4,1261.7
143.654,4,1261.6
143.687,4,1261.6
143.721,4,1261.6
143.754,4,1261.6
143.787,4,1261.6
143.821,4,1261.6
143.854,4,1261.5
143.887,4,1261.5
143.921,4,1261.5
143.954,4,1261.4
143.987,4,1261.4
144.021,4,1261.4
144.054,4,1261.4
144.087,4,1261.4
144.121,4,1261.3
144.154,4,1261.3
144.187,4,1261.3
144.221,4,1261.3
144.254,4,1261.3
144.287,4,1261.3
144.321,4,1261.2
144.354,4,1261.1
144.387,4,1261.1
144.421,4,1261.1
144.454,4,1261.1
145.121,4,1260.8
145.154,4,1260.8
145.187,4,1260.7
145.221,4,1260.7
145.254,4,1260.7
145.287,4,1260.6
145.321,4,1260.6
145.354,4,1260.6
145.387,4,1260.6
145.421,4,1260.6
145.454,4,1260.6
145.487,4,1260.6
145.521,4,1260.5
145.554,4,1260.5
145.587,4,1260.5
145.621,4,1260.5
145.654,4,1260.5
145.687,4,1260.4
145.721,4,1260.4
145.754,4,1260.4
145.787,4,1260.4
145.821,4,1260.4
145.854,4,1260.3
145.887,4,1260.3
145.921,4,1260.3
145.954,4,1260.3
145.987,4,1260.2
146.021,4,1260.2
146.054,4,1260.2
146.087,4,1260.2
146.121,4,1260.2
146.154,4,1260.1
146.187,4,1260.1
146.221,4,1260.1
146.254,4,1260
146.287,4,1260
146.321,4,1260
146.354,4,1260
146.387,4,1260
146.421,4,1260
146.454,4,1259.9
146.487,4,1259.9
146.521,4,1259.9
146.554,4,1259.9
146.588,4,1259.9
146.621,4,1259.9
146.654,4,1259.8
146.688,4,1259.8
146.721,4,1259.8
146.754,4,1259.8
146.788,4,1259.7
146.821,4,1259.7
146.854,4,1259.7
146.888,4,1259.7
146.921,4,1259.7
146.954,4,1259.6
146.988,4,1259.6
147.021,4,1259.6
147.054,4,1259.6
147.088,4,1259.6
147.121,4,1259.6
147.154,4,1259.5
147.188,4,1259.5
147.221,4,1259.5
147.254,4,1259.4
147.288,4,1259.4
147.321,4,1259.4
147.354,4,1259.4
147.388,4,1259.4
147.421,4,1259.4
147.454,4,1259.3
147.488,4,1259.3
147.521,4,1259.3
147.554,4,1259.3
147.588,4,1259.3
147.621,4,1259.2
147.654,4,1259.2
147.688,4,1259.2
147.721,4,1259.2
147.754,4,1259.1
147.788,4,1259.1
147.821,4,1259.1
147.854,4,1259.1
147.888,4,1259.1
147.921,4,1259.1
147.954,4,1259.1
147.988,4,1259
148.021,4,1259
148.054,4,1259
148.088,4,1259
148.121,4,1259
148.154,4,1259
148.188,4,1258.9
148.221,4,1258.9
148.254,4,1258.9
148.288,4,1258.9
148.321,4,1258.8
148.354,4,1258.8
148.388,4,1258.8
148.421,4,1258.8
148.454,4,1258.8
148.488,4,1258.7
148.521,4,1258.7
148.554,4,1258.7
148.588,4,1258.7
148.621,4,1258.7
148.654,4,1258.7
148.688,4,1258.6
148.721,4,1258.5
148.754,4,1258.5
148.788,4,1258.6
148.821,4,1258.5
148.854,4,1258.5
148.888,4,1258.5
148.921,4,1258.5
148.954,4,1258.5
148.988,4,1258.4
149.021,4,1258.4
149.054,4,1258.4
149.088,4,1258.4
149.121,4,1258.4
149.154,4,1258.3
149.188,4,1258.3
149.221,4,1258.3
149.254,4,1258.2
149.288,4,1258.2
149.321,4,1258.2
149.354,4,1258.2
149.388,4,1258.1
149.421,4,1258.1
149.454,4,1258.1
149.488,4,1258.1
149.521,4,1258.1
149.554,4,1258.1
149.588,4,1258.1
149.621,4,1258.1
149.654,4,1258
149.688,4,1258
149.721,4,1258
149.754,4,1258
149.788,4,1258
149.821,4,1258
149.854,4,1258
149.888,4,1257.9
149.921,4,1257.9
149.954,4,1257.9
149.988,4,1257.9
150.021,4,1257.9
150.054,4,1257.8
150.088,4,1257.8
150.121,4,1257.8
150.154,4,1257.7
150.188,4,1257.7
150.221,4,1257.7
150.254,4,1257.7
150.288,4,1257.7
150.321,4,1257.7
150.354,4,1257.6
150.388,4,1257.6
150.421,4,1257.6
150.454,4,1257.6
150.488,4,1257.6
150.521,4,1257.5
150.554,4,1257.4
150.588,4,1257.4
150.621,4,1257.5
150.655,4,1257.4
150.688,4,1257.4
150.721,4,1257.4
150.755,4,1257.4
150.788,4,1257.4
150.821,4,1257.4
150.855,4,1257.3
150.888,4,1257.3
150.921,4,1257.2
150.955,4,1257.2
150.988,4,1257.2
151.021,4,1257.2
151.055,4,1257.2
151.088,4,1257.2
151.121,4,1257.2
151.155,4,1257.2
151.188,4,1257.1
151.221,4,1257.1
151.255,4,1257.1
151.288,4,1257.1
151.321,4,1257
151.355,4,1257
151.388,4,1257
151.421,4,1257
151.455,4,1257
151.488,4,1256.9
151.521,4,1256.9
151.555,4,1256.9
151.588,4,1256.9
151.621,4,1256.9
151.655,4,1256.9
151.688,4,1256.9
151.721,4,1256.8
151.755,4,1256.8
151.788,4,1256.8
151.821,4,1256.7
151.855,4,1256.7
151.888,4,1256.7
151.921,4,1256.7
151.955,4,1256.7
151.988,4,1256.7
152.021,4,1256.7
152.055,4,1256.7
152.088,4,1256.6
152.121,4,1256.5
152.155,4,1256.5
152.188,4,1256.5
152.221,4,1256.5
152.255,4,1256.5
152.288,4,1256.5
152.321,4,1256.5
152.355,4,1256.4
152.388,4,1256.4
152.421,4,1256.4
152.455,4,1256.4
152.488,4,1256.4
152.521,4,1256.4
152.555,4,1256.3
152.588,4,1256.3
152.621,4,1256.3
152.655,4,1256.3
152.688,4,1256.3
152.721,4,1256.3
152.755,4,1256.2
152.788,4,1256.2
152.821,4,1256.2
152.855,4,1256.1
152.888,4,1256.1
152.921,4,1256.1
152.955,4,1256.1
152.988,4,1256.1
153.021,4,1256.1
153.055,4,1256
153.088,4,1256
153.121,4,1256
153.155,4,1256
153.188,4,1256
153.221,4,1256
153.255,4,1255.9
153.288,4,1255.9
153.321,4,1255.9
153.355,4,1255.9
153.388,4,1255.9
153.421,4,1255.8
153.455,4,1255.8
153.488,4,1255.8
153.521,4,1255.7
153.555,4,1255.6
153.588,4,1255.6
153.621,4,1255.7
153.655,4,1255.7
153.688,4,1255.7
153.721,4,1255.7
153.755,4,1255.6
153.788,4,1255.6
153.821,4,1255.6
153.855,4,1255.6
153.888,4,1255.6
153.921,4,1255.5
153.955,4,1255.5
153.988,4,1255.5
154.021,4,1255.5
154.055,4,1255.4
154.088,4,1255.4
154.121,4,1255.4
154.155,4,1255.3
154.188,4,1255.3
154.221,4,1255.3
154.255,4,1255.3
154.288,4,1255.3
154.321,4,1255.3
154.355,4,1255.3
154.388,4,1255.3
154.421,4,1255.2
154.455,4,1255.2
154.488,4,1255.3
154.521,4,1255.1
154.555,4,1255.1
154.588,4,1255.1
154.621,4,1255
154.655,4,1255
154.688,4,1255
154.722,4,1255
154.755,4,1255
154.788,4,1255
154.822,4,1255
154.855,4,1255
154.888,4,1254.9
154.922,4,1254.9
154.955,4,1254.9
154.988,4,1255
155.022,4,1254.8
155.055,4,1254.8
155.088,4,1254.8
155.122,4,1254.8
155.155,4,1254.8
155.188,4,1254.8
155.222,4,1254.8
155.255,4,1254.8
155.288,4,1254.8
155.322,4,1254.8
155.355,4,1254.8
155.388,4,1254.6
155.422,4,1254.6
155.455,4,1254.6
155.488,4,1254.6
155.522,4,1254.6
155.555,4,1254.6
155.588,4,1254.6
155.622,4,1254.6
155.655,4,1254.6
155.688,4,1254.5
155.722,4,1254.5
155.755,4,1254.5
155.788,4,1254.5
155.822,4,1254.5
155.855,4,1254.5
155.888,4,1254.4
155.922,4,1254.4
155.955,4,1254.3
155.988,4,1254.4
156.022,4,1254.4
156.055,4,1254.3
156.088,4,1254.3
156.122,4,1254.3
156.155,4,1254.3
156.188,4,1254.3
156.222,4,1254.3
156.255,4,1254.2
156.288,4,1254.2
156.322,4,1254.2
156.355,4,1254.1
156.388,4,1254.1
156.422,4,1254.1
156.455,4,1254
156.488,4,1254
156.522,4,1254
156.555,4,1254
156.588,4,1254
156.622,4,1253.9
156.655,4,1253.9
156.688,4,1253.9
156.722,4,1253.9
156.755,4,1253.9
156.788,4,1253.9
156.822,4,1253.8
156.855,4,1253.8
156.888,4,1253.8
156.922,4,1253.8
156.955,4,1253.7
156.988,4,1253.7
157.022,4,1253.8
157.055,4,1253.7
157.088,4,1253.7
157.122,4,1253.7
157.155,4,1253.6
157.188,4,1253.6
157.222,4,1253.7
157.255,4,1253.6
157.288,4,1253.6
157.322,4,1253.6
157.355,4,1253.5
157.388,4,1253.5
157.422,4,1253.5
157.455,4,1253.5
157.488,4,1253.5
157.522,4,1253.4
157.555,4,1253.4
157.588,4,1253.4
157.622,4,1253.3
157.655,4,1253.3
157.688,4,1253.4
157.722,4,1253.3
157.755,4,1253.3
157.788,4,1253.3
157.822,4,1253.2
157.855,4,1253.2
157.888,4,1253.2
157.922,4,1253.2
157.955,4,1253.2
157.988,4,1253.2
158.022,4,1253.1
158.055,4,1253.1
158.088,4,1253.1
158.122,4,1253.1
158.155,4,1253.1
158.188,4,1253
158.222,4,1253
158.255,4,1253
158.288,4,1253
158.322,4,1252.9
158.355,4,1252.9
158.388,4,1252.9
158.422,4,1252.9
158.455,4,1252.9
158.488,4,1252.9
158.522,4,1252.8
158.555,4,1252.8
158.588,4,1252.8
158.622,4,1252.8
158.655,4,1252.8
158.688,4,1252.8
158.722,4,1252.8
158.755,4,1252.8
158.788,4,1252.7
158.822,4,1252.7
158.855,4,1252.7
158.889,4,1252.7
158.922,4,1252.7
158.955,4,1252.6
158.989,4,1252.6
159.022,4,1252.6
159.055,4,1252.6
159.089,4,1252.5
159.122,4,1252.5
159.155,4,1252.5
159.189,4,1252.5
159.222,4,1252.5
159.255,4,1252.4
159.289,4,1252.4
159.322,4,1252.4
159.355,4,1252.3
159.389,4,1252.3
159.422,4,1252.3
159.455,4,1252.3
159.489,4,1252.3
159.522,4,1252.3
159.555,4,1252.2
159.589,4,1252.3
159.622,4,1252.3
159.655,4,1252.2
159.689,4,1252.2
159.722,4,1252.2
159.755,4,1252.2
159.789,4,1252.2
159.822,4,1252.2
159.855,4,1252.1
159.889,4,1252.1
159.922,4,1252.1
159.955,4,1252.1
159.989,4,1252.1
160.022,4,1252
160.055,4,1251.9
160.089,4,1251.9
160.122,4,1251.9
160.155,4,1251.9
160.189,4,1251.9
160.222,4,1251.9
160.255,4,1251.8
160.289,4,1251.8
160.322,4,1251.8
160.355,4,1251.8
160.389,4,1251.8
160.422,4,1251.8
160.455,4,1251.7
160.489,4,1251.7
160.522,4,1251.7
160.555,4,1251.7
160.589,4,1251.7
160.622,4,1251.6
160.655,4,1251.6
160.689,4,1251.6
160.722,4,1251.6
160.755,4,1251.6
160.789,4,1251.6
160.822,4,1251.5
160.855,4,1251.5
160.889,4,1251.5
160.922,4,1251.5
160.955,4,1251.5
160.989,4,1251.4
161.022,4,1251.4
161.055,4,1251.4
161.089,4,1251.4
161.122,4,1251.3
161.155,4,1251.3
161.189,4,1251.3
161.222,4,1251.2
161.255,4,1251.2
161.289,4,1251.2
161.322,4,1251.2
161.355,4,1251.2
161.389,4,1251.2
161.422,4,1251.2
161.455,4,1251.2
161.489,4,1251.1
161.522,4,1251.1
161.555,4,1251.1
161.589,4,1251.1
161.622,4,1251
161.655,4,1251
161.689,4,1251
161.722,4,1250.9
161.755,4,1250.9
161.789,4,1250.9
161.822,4,1250.9
161.855,4,1250.9
161.889,4,1250.9
161.922,4,1250.9
161.955,4,1250.9
161.989,4,1250.8
162.022,4,1250.8
162.055,4,1250.8
162.089,4,1250.8
162.122,4,1250.8
162.155,4,1250.8
162.189,4,1250.8
162.222,4,1250.8
162.255,4,1250.7
162.289,4,1250.6
162.322,4,1250.6
162.355,4,1250.6
162.389,4,1250.6
162.422,4,1250.6
162.455,4,1250.6
162.489,4,1250.5
162.522,4,1250.5
162.555,4,1250.5
162.589,4,1250.5
162.622,4,1250.5
162.655,4,1250.4
162.689,4,1250.4
162.722,4,1250.4
162.755,4,1250.4
162.789,4,1250.4
162.822,4,1250.4
162.855,4,1250.3
162.889,4,1250.3
162.922,4,1250.3
162.955,4,1250.3
162.989,4,1250.3
163.022,4,1250.2
163.056,4,1250.2
163.089,4,1250.2
163.122,4,1250.2
163.156,4,1250.2
163.189,4,1250.2
163.222,4,1250
163.256,4,1250
163.289,4,1250
163.322,4,1250
163.356,4,1250
163.389,4,1250
163.422,4,1250
163.456,4,1250
163.489,4,1250
163.522,4,1250
163.556,4,1249.9
163.589,4,1249.9
163.622,4,1249.8
163.656,4,1249.8
163.689,4,1249.8
163.722,4,1249.8
163.756,4,1249.7
163.789,4,1249.7
163.822,4,1249.7
163.856,4,1249.7
163.889,4,1249.7
163.922,4,1249.7
163.956,4,1249.7
163.989,4,1249.7
164.022,4,1249.6
164.056,4,1249.6
164.089,4,1249.6
164.122,4,1249.5
164.156,4,1249.5
164.189,4,1249.5
164.222,4,1249.5
164.256,4,1249.5
164.289,4,1249.5
164.322,4,1249.5
164.356,4,1249.5
164.389,4,1249.4
164.422,4,1249.4
164.456,4,1249.4
164.489,4,1249.3
164.522,4,1249.3
164.556,4,1249.3
164.589,4,1249.3
164.622,4,1249.3
164.656,4,1249.3
164.689,4,1249.2
164.722,4,1249.2
164.756,4,1249.2
164.789,4,1249.2
164.822,4,1249.1
164.856,4,1249.1
164.889,4,1249.1
164.922,4,1249.1
164.956,4,1249.1
164.989,4,1249.1
165.022,4,1249.1
165.056,4,1249.1
165.089,4,1249
165.122,4,1249
165.156,4,1248.9
165.189,4,1248.9
165.222,4,1248.9
165.256,4,1248.9
165.289,4,1248.9
165.322,4,1248.9
165.356,4,1248.8
165.389,4,1248.8
165.422,4,1248.8
165.456,4,1248.8
165.489,4,1248.7
165.522,4,1248.7
165.556,4,1248.7
165.589,4,1248.7
165.622,4,1248.7
165.656,4,1248.6
165.689,4,1248.6
165.722,4,1248.6
165.756,4,1248.6
165.789,4,1248.6
165.822,4,1248.6
165.856,4,1248.5
165.889,4,1248.5
165.922,4,1248.5
165.956,4,1248.5
165.989,4,1248.5
166.022,4,1248.5
166.056,4,1248.4
166.089,4,1248.4
166.122,4,1248.4
166.156,4,1248.4
166.189,4,1248.4
166.222,4,1248.3
166.256,4,1248.3
166.289,4,1248.3
166.322,4,1248.3
166.356,4,1248.3
166.389,4,1248.3
166.422,4,1248.2
166.456,4,1248.2
166.489,4,1248.2
166.522,4,1248.2
166.556,4,1248.2
166.589,4,1248.2
166.622,4,1248.1
166.656,4,1248
166.689,4,1248
166.722,4,1248
166.756,4,1248
166.789,4,1248
166.822,4,1248
166.856,4,1247.9
166.889,4,1247.9
166.922,4,1248
166.956,4,1247.9
166.989,4,1247.9
167.022,4,1247.9
167.056,4,1247.9
167.089,4,1247.9
167.122,4,1247.8
167.156,4,1247.8
167.189,4,1247.8
167.222,4,1247.8
167.256,4,1247.8
167.289,4,1247.7
167.322,4,1247.7
167.356,4,1247.7
167.389,4,1247.6
167.422,4,1247.6
167.456,4,1247.6
167.489,4,1247.5
167.522,4,1247.6
167.556,4,1247.6
167.589,4,1247.5
167.622,4,1247.5
167.656,4,1247.5
167.689,4,1247.5
167.722,4,1247.4
167.756,4,1247.4
167.789,4,1247.4
167.823,4,1247.4
167.856,4,1247.4
167.889,4,1247.3
167.923,4,1247.3
167.956,4,1247.3
167.989,4,1247.3
168.023,4,1247.3
168.056,4,1247.3
168.089,4,1247.2
168.123,4,1247.2
168.156,4,1247.2
168.189,4,1247.2
168.223,4,1247.1
168.256,4,1247.1
168.289,4,1247.1
168.323,4,1247.1
168.356,4,1247.1
168.389,4,1247
168.423,4,1247
168.456,4,1247
168.489,4,1247
168.523,4,1247
168.556,4,1247
168.589,4,1246.9
168.623,4,1246.9
168.656,4,1246.8
168.689,4,1246.8
168.723,4,1246.8
168.756,4,1246.8
168.789,4,1246.8
168.823,4,1246.8
168.856,4,1246.7
168.889,4,1246.7
168.923,4,1246.7
168.956,4,1246.7
168.989,4,1246.6
169.023,4,1246.6
169.056,4,1246.7
169.089,4,1246.6
169.123,4,1246.6
169.156,4,1246.5
169.189,4,1246.5
169.223,4,1246.5
169.256,4,1246.5
169.289,4,1246.5
169.323,4,1246.5
169.356,4,1246.5
169.389,4,1246.5
169.423,4,1246.5
169.456,4,1246.4
169.489,4,1246.4
169.523,4,1246.4
169.556,4,1246.4
169.589,4,1246.4
169.623,4,1246.3
169.656,4,1246.3
169.689,4,1246.3
169.723,4,1246.3
169.756,4,1246.2
169.789,4,1246.2
169.823,4,1246.2
169.856,4,1246.2
169.889,4,1246.2
169.923,4,1246.2
169.956,4,1246.1
169.989,4,1246.1
170.023,4,1246.1
170.056,4,1246.1
170.089,4,1246.1
170.123,4,1246.1
170.156,4,1246
170.189,4,1246
170.223,4,1246
170.256,4,1246
170.289,4,1246
170.323,4,1245.9
170.356,4,1245.9
170.389,4,1245.9
170.423,4,1245.8
170.456,4,1245.8
170.489,4,1245.8
170.523,4,1245.8
170.556,4,1245.8
170.589,4,1245.8
170.623,4,1245.7
170.656,4,1245.7
170.689,4,1245.7
170.723,4,1245.7
170.756,4,1245.7
170.789,4,1245.6
170.823,4,1245.6
170.856,4,1245.6
170.889,4,1245.6
170.923,4,1245.6
170.956,4,1245.6
170.989,4,1245.5
171.023,4,1245.5
171.056,4,1245.5
171.089,4,1245.5
171.123,4,1245.4
171.156,4,1245.4
171.189,4,1245.4
171.223,4,1245.4
171.256,4,1245.4
171.289,4,1245.3
171.323,4,1245.3
171.356,4,1245.3
171.389,4,1245.3
171.423,4,1245.2
171.456,4,1245.2
171.489,4,1245.2
171.523,4,1245.2
171.556,4,1245.2
171.589,4,1245.2
171.623,4,1245.2
171.656,4,1245.1
171.689,4,1245.1
171.723,4,1245.1
171.756,4,1245.1
171.789,4,1245
171.823,4,1245
171.856,4,1245
171.889,4,1244.9
171.923,4,1244.9
171.956,4,1244.9
171.989,4,1244.9
172.023,4,1244.9
172.056,4,1244.9
172.089,4,1244.8
172.123,4,1244.8
172.156,4,1244.9
172.189,4,1244.8
172.223,4,1244.8
172.256,4,1244.8
172.289,4,1244.8
172.323,4,1244.8
172.356,4,1244.7
172.39,4,1244.6
172.423,4,1244.6
172.456,4,1244.6
172.49,4,1244.6
172.523,4,1244.6
172.556,4,1244.6
172.59,4,1244.6
172.623,4,1244.6
172.656,4,1244.5
172.69,4,1244.5
172.723,4,1244.5
172.756,4,1244.5
172.79,4,1244.5
172.823,4,1244.4
172.856,4,1244.4
172.89,4,1244.4
172.923,4,1244.4
172.956,4,1244.4
172.99,4,1244.4
173.023,4,1244.3
173.056,4,1244.3
173.09,4,1244.3
173.123,4,1244.3
173.156,4,1244.2
173.19,4,1244.2
173.223,4,1244.2
173.256,4,1244.1
173.29,4,1244.1
173.323,4,1244.2
173.356,4,1244.1
173.39,4,1244.1
173.423,4,1244.1
173.456,4,1244
173.49,4,1244
173.523,4,1244
173.556,4,1244
173.59,4,1244
173.623,4,1244
173.656,4,1243.9
173.69,4,1243.9
173.723,4,1243.9
173.756,4,1243.9
173.79,4,1243.9
173.823,4,1243.9
173.856,4,1243.9
173.89,4,1243.9
173.923,4,1243.8
173.956,4,1243.8
173.99,4,1243.7
174.023,4,1243.7
174.056,4,1243.7
174.09,4,1243.7
174.123,4,1243.7
174.156,4,1243.7
174.19,4,1243.7
174.223,4,1243.6
174.256,4,1243.6
174.29,4,1243.6
174.323,4,1243.6
174.356,4,1243.6
174.39,4,1243.5
174.423,4,1243.5
174.456,4,1243.5
174.49,4,1243.5
174.523,4,1243.4
174.556,4,1243.4
174.59,4,1243.4
174.623,4,1243.3
174.656,4,1243.3
174.69,4,1243.3
174.723,4,1243.3
174.756,4,1243.3
174.79,4,1243.2
174.823,4,1243.2
174.856,4,1243.2
174.89,4,1243.2
174.923,4,1243.2
174.956,4,1243.2
174.99,4,1243.2
175.023,4,1243.2
175.056,4,1243.1
175.09,4,1243.1
175.123,4,1243.1
175.156,4,1243.1
175.19,4,1243.1
175.223,4,1243.1
175.256,4,1243.1
175.29,4,1243
175.323,4,1243
175.356,4,1242.9
175.39,4,1242.9
175.423,4,1242.9
175.456,4,1242.9
175.49,4,1242.9
175.523,4,1242.9
175.556,4,1242.8
175.59,4,1242.8
175.623,4,1242.8
175.656,4,1242.8
175.69,4,1242.8
175.723,4,1242.8
175.756,4,1242.7
175.79,4,1242.7
175.823,4,1242.7
175.856,4,1242.7
175.89,4,1242.7
175.923,4,1242.6
175.956,4,1242.6
175.99,4,1242.6
176.023,4,1242.6
176.056,4,1242.5
176.09,4,1242.5
176.123,4,1242.5
176.156,4,1242.5
176.19,4,1242.5
176.223,4,1242.4
176.256,4,1242.4
176.29,4,1242.4
176.323,4,1242.4
176.356,4,1242.3
176.39,4,1242.3
176.423,4,1242.3
176.456,4,1242.3
176.49,4,1242.3
176.523,4,1242.3
176.556,4,1242.3
176.59,4,1242.3
176.623,4,1242.2
176.656,4,1242.2
176.69,4,1242.2
176.723,4,1242.1
176.756,4,1242.1
176.79,4,1242.1
176.823,4,1242.1
176.857,4,1242
176.89,4,1242
176.923,4,1242
176.956,4,1242
176.99,4,1242
177.023,4,1242
177.056,4,1242
177.09,4,1241.9
177.123,4,1241.9
177.157,4,1241.9
177.19,4,1241.9
177.223,4,1241.8
177.257,4,1241.8
177.29,4,1241.8
177.323,4,1241.8
177.357,4,1241.8
177.39,4,1241.8
177.423,4,1241.8
177.457,4,1241.8
177.49,4,1241.8
177.523,4,1241.7
177.557,4,1241.7
177.59,4,1241.7
177.623,4,1241.6
177.657,4,1241.6
177.69,4,1241.6
177.723,4,1241.6
177.757,4,1241.6
177.79,4,1241.6
177.823,4,1241.5
177.857,4,1241.5
177.89,4,1241.5
177.923,4,1241.5
177.957,4,1241.5
177.99,4,1241.5
178.023,4,1241.5
178.057,4,1241.4
178.09,4,1241.4
178.123,4,1241.4
178.157,4,1241.4
178.19,4,1241.3
178.223,4,1241.3
178.257,4,1241.3
178.29,4,1241.3
178.323,4,1241.3
178.357,4,1241.2
178.39,4,1241.2
178.423,4,1241.2
178.457,4,1241.1
178.49,4,1241.1
178.523,4,1241.1
178.557,4,1241.1
178.59,4,1241.1
178.623,4,1241.1
178.657,4,1241.1
178.69,4,1241
178.723,4,1241
178.757,4,1241
178.79,4,1241
178.823,4,1241
178.857,4,1240.9
178.89,4,1240.9
178.923,4,1240.9
178.957,4,1240.9
178.99,4,1240.9
179.023,4,1240.9
179.057,4,1240.8
179.09,4,1240.7
179.123,4,1240.7
179.157,4,1240.7
179.19,4,1240.7
179.223,4,1240.7
179.257,4,1240.6
179.29,4,1240.6
179.323,4,1240.6
179.357,4,1240.7
179.39,4,1240.7
179.423,4,1240.6
179.457,4,1240.6
179.49,4,1240.6
179.523,4,1240.5
179.557,4,1240.5
179.59,4,1240.5
179.623,4,1240.5
179.657,4,1240.5
179.69,4,1240.5
179.723,4,1240.5
179.757,4,1240.5
179.79,4,1240.5
179.823,4,1240.4
179.857,4,1240.4
179.89,4,1240.4
179.923,4,1240.3
179.957,4,1240.3
179.99,4,1240.3
180.023,4,1240.3
180.057,4,1240.2
180.09,4,1240.2
180.123,4,1240.2
180.157,4,1240.2
180.19,4,1240.2
180.223,4,1240.1
180.257,4,1240.1
180.29,4,1240.1
180.323,4,1240.1
180.357,4,1240.1
180.39,4,1240.1
180.423,4,1240
180.457,4,1240
180.49,4,1240
180.523,4,1240
180.557,4,1240
180.59,4,1239.9
180.623,4,1239.8
180.657,4,1239.8
180.69,4,1239.8
180.723,4,1239.9
180.757,4,1239.9
180.79,4,1239.8
180.823,4,1239.7
180.857,4,1239.7
180.89,4,1239.7
180.923,4,1239.7
180.957,4,1239.7
180.99,4,1239.7
181.023,4,1239.7
181.057,4,1239.7
181.09,4,1239.6
181.123,4,1239.5
181.157,4,1239.5
181.19,4,1239.5
181.223,4,1239.5
181.257,4,1239.5
181.29,4,1239.6
181.323,4,1239.6
181.357,4,1239.5
181.39,4,1239.5
181.423,4,1239.5
181.457,4,1239.5
181.49,4,1239.4
181.523,4,1239.4
181.557,4,1239.4
181.59,4,1239.3
181.623,4,1239.3
181.657,4,1239.3
181.69,4,1239.3
181.723,4,1239.3
181.757,4,1239.3
181.79,4,1239.2
181.823,4,1239.2
181.857,4,1239.2
181.89,4,1239.1
181.923,4,1239.1
181.957,4,1239.1
181.99,4,1239.1
182.024,4,1239.1
182.057,4,1239.1
182.09,4,1239
182.124,4,1239
182.157,4,1239
182.19,4,1238.9
182.224,4,1238.9
182.257,4,1239
182.29,4,1238.9
182.324,4,1238.9
182.357,4,1238.9
182.39,4,1238.9
182.424,4,1238.8
182.457,4,1238.8
182.49,4,1238.8
182.524,4,1238.8
182.557,4,1238.8
182.59,4,1238.8
182.624,4,1238.8
182.657,4,1238.7
182.69,4,1238.7
182.724,4,1238.7
182.757,4,1238.6
182.79,4,1238.6
182.824,4,1238.6
182.857,4,1238.6
182.89,4,1238.6
182.924,4,1238.5
182.957,4,1238.5
182.99,4,1238.5
183.024,4,1238.5
183.057,4,1238.5
183.09,4,1238.5
183.124,4,1238.5
183.157,4,1238.4
183.19,4,1238.4
183.224,4,1238.4
183.257,4,1238.4
183.29,4,1238.4
183.324,4,1238.3
183.357,4,1238.3
183.39,4,1238.3
183.424,4,1238.3
183.457,4,1238.3
183.49,4,1238.2
183.524,4,1238.2
183.557,4,1238.2
183.59,4,1238.2
183.624,4,1238.1
183.657,4,1238.1
183.69,4,1238.1
183.724,4,1238.1
183.757,4,1238.1
183.79,4,1238
183.824,4,1238
183.857,4,1238
183.89,4,1237.9
183.924,4,1237.9
183.957,4,1237.9
183.99,4,1237.9
184.024,4,1237.9
184.057,4,1237.9
184.09,4,1237.9
184.124,4,1237.8
184.157,4,1237.8
184.19,4,1237.8
184.224,4,1237.8
184.257,4,1237.8
184.29,4,1237.8
184.324,4,1237.7
184.357,4,1237.7
184.39,4,1237.7
184.424,4,1237.6
184.457,4,1237.6
184.49,4,1237.6
184.524,4,1237.6
184.557,4,1237.5
184.59,4,1237.5
184.624,4,1237.5
184.657,4,1237.5
184.69,4,1237.5
184.724,4,1237.5
184.757,4,1237.4
184.79,4,1237.4
184.824,4,1237.4
184.857,4,1237.4
184.89,4,1237.4
184.924,4,1237.4
184.957,4,1237.4
184.99,4,1237.3
185.024,4,1237.3
185.057,4,1237.3
185.09,4,1237.2
185.124,4,1237.2
185.157,4,1237.2
185.19,4,1237.2
185.224,4,1237.2
185.257,4,1237.1
185.29,4,1237.1
185.324,4,1237.1
185.357,4,1237.1
185.39,4,1237
185.424,4,1237
185.457,4,1237
185.49,4,1237
185.524,4,1237
185.557,4,1236.9
185.59,4,1236.9
185.624,4,1236.9
185.657,4,1236.9
185.69,4,1236.9
185.724,4,1236.9
185.757,4,1236.8
185.79,4,1236.8
185.824,4,1236.8
185.857,4,1236.8
185.89,4,1236.8
185.924,4,1236.8
185.957,4,1236.8
185.99,4,1236.8
186.024,4,1236.7
186.057,4,1236.7
186.09,4,1236.7
186.124,4,1236.7
186.157,4,1236.6
186.19,4,1236.6
186.224,4,1236.6
186.257,4,1236.6
186.29,4,1236.6
186.324,4,1236.5
186.357,4,1236.5
186.39,4,1236.5
186.424,4,1236.5
186.457,4,1236.4
186.49,4,1236.4
186.524,4,1236.4
186.557,4,1236.3
186.59,4,1236.3
186.624,4,1236.3
186.657,4,1236.3
186.69,4,1236.3
186.724,4,1236.3
186.757,4,1236.3
186.79,4,1236.3
186.824,4,1236.2
186.857,4,1236.2
186.89,4,1236.2
186.924,4,1236.2
186.957,4,1236.2
186.99,4,1236.2
187.024,4,1236.1
187.057,4,1236.1
187.09,4,1236.1
187.124,4,1236.1
187.157,4,1236.1
187.19,4,1236.1
187.224,4,1236
187.257,4,1236
187.291,4,1235.9
187.324,4,1235.9
187.357,4,1235.9
187.391,4,1235.9
187.424,4,1235.9
187.457,4,1235.9
187.491,4,1235.9
187.524,4,1235.8
187.557,4,1235.8
187.591,4,1235.8
187.624,4,1235.8
187.657,4,1235.8
187.691,4,1235.7
187.724,4,1235.7
187.757,4,1235.7
187.791,4,1235.7
187.824,4,1235.7
187.857,4,1235.6
187.891,4,1235.6
187.924,4,1235.6
187.957,4,1235.5
187.991,4,1235.5
188.024,4,1235.5
188.057,4,1235.5
188.091,4,1235.5
188.124,4,1235.5
188.157,4,1235.4
188.191,4,1235.4
188.224,4,1235.4
188.257,4,1235.4
188.291,4,1235.3
188.324,4,1235.3
188.357,4,1235.3
188.391,4,1235.3
188.424,4,1235.3
188.457,4,1235.3
188.491,4,1235.3
188.524,4,1235.3
188.557,4,1235.2
188.591,4,1235.2
188.624,4,1235.2
188.657,4,1235.1
188.691,4,1235.2
188.724,4,1235.2
188.757,4,1235.1
188.791,4,1235.1
188.824,4,1235.1
188.857,4,1235.1
188.891,4,1235.1
188.924,4,1235
188.957,4,1235
188.991,4,1235
189.024,4,1235
189.057,4,1234.9
189.091,4,1234.9
189.124,4,1234.9
189.157,4,1234.9
189.191,4,1234.9
189.224,4,1234.8
189.257,4,1234.8
189.291,4,1234.8
189.324,4,1234.7
189.357,4,1234.7
189.391,4,1234.7
189.424,4,1234.7
189.457,4,1234.7
189.491,4,1234.7
189.524,4,1234.7
189.557,4,1234.6
189.591,4,1234.6
189.624,4,1234.6
189.657,4,1234.6
189.691,4,1234.6
189.724,4,1234.6
189.757,4,1234.5
189.791,4,1234.5
189.824,4,1234.5
189.857,4,1234.5
189.891,4,1234.4
189.924,4,1234.4
189.957,4,1234.4
189.991,4,1234.4
190.024,4,1234.4
190.057,4,1234.4
190.091,4,1234.3
190.124,4,1234.3
190.157,4,1234.3
190.191,4,1234.3
190.224,4,1234.3
190.257,4,1234.3
190.291,4,1234.2
190.324,4,1234.2
190.357,4,1234.2
190.391,4,1234.1
190.424,4,1234.1
190.457,4,1234.1
190.491,4,1234.1
190.524,4,1234.1
190.557,4,1234.1
190.591,4,1234
190.624,4,1234
190.657,4,1234
190.691,4,1233.9
190.724,4,1233.9
190.757,4,1233.9
190.791,4,1233.9
190.824,4,1233.8
190.857,4,1233.8
190.891,4,1233.8
190.924,4,1233.8
190.957,4,1233.8
190.991,4,1233.8
191.024,4,1233.8
191.057,4,1233.8
191.091,4,1233.8
191.124,4,1233.8
191.157,4,1233.7
191.191,4,1233.6
191.224,4,1233.6
191.257,4,1233.6
191.291,4,1233.6
191.324,4,1233.6
191.357,4,1233.6
191.391,4,1233.6
191.424,4,1233.6
191.457,4,1233.6
191.491,4,1233.4
191.524,4,1233.4
191.557,4,1233.5
191.591,4,1233.4
191.624,4,1233.4
191.657,4,1233.4
191.691,4,1233.4
191.724,4,1233.4
191.757,4,1233.4
191.791,4,1233.4
191.824,4,1233.4
191.857,4,1233.3
191.891,4,1233.2
191.924,4,1233.2
191.957,4,1233.2
191.991,4,1233.2
192.024,4,1233.2
192.057,4,1233.2
192.091,4,1233.2
192.124,4,1233.1
192.157,4,1233.1
192.191,4,1233.1
192.224,4,1233.1
192.258,4,1233.1
192.291,4,1233.1
192.324,4,1233
192.357,4,1233
192.391,4,1233
192.424,4,1233
192.458,4,1232.9
192.491,4,1232.9
192.524,4,1233
192.558,4,1232.8
192.591,4,1232.8
192.624,4,1232.9
192.658,4,1232.8
192.691,4,1232.8
192.724,4,1232.8
192.758,4,1232.7
192.791,4,1232.7
192.824,4,1232.7
192.858,4,1232.7
192.891,4,1232.7
192.924,4,1232.7
192.958,4,1232.6
192.991,4,1232.6
193.024,4,1232.6
193.058,4,1232.6
193.091,4,1232.6
193.124,4,1232.6
193.158,4,1232.6
193.191,4,1232.6
193.224,4,1232.5
193.258,4,1232.5
193.291,4,1232.4
193.324,4,1232.4
193.358,4,1232.4
193.391,4,1232.4
193.424,4,1232.4
193.458,4,1232.4
193.491,4,1232.4
193.524,4,1232.4
193.558,4,1232.4
193.591,4,1232.3
193.624,4,1232.3
193.658,4,1232.3
193.691,4,1232.2
193.724,4,1232.2
193.758,4,1232.2
193.791,4,1232.2
193.824,4,1232.2
193.858,4,1232.2
193.891,4,1232.1
193.924,4,1232.1
193.958,4,1232.1
193.991,4,1232
194.024,4,1232
194.058,4,1232
194.091,4,1231.9
194.124,4,1232
194.158,4,1232
194.191,4,1231.9
194.224,4,1231.9
194.258,4,1231.9
194.291,4,1231.9
194.324,4,1231.9
194.358,4,1231.9
194.391,4,1231.8
194.424,4,1231.8
194.458,4,1231.8
194.491,4,1231.8
194.524,4,1231.8
194.558,4,1231.8
194.591,4,1231.7
194.624,4,1231.7
194.658,4,1231.7
194.691,4,1231.6
194.724,4,1231.6
194.758,4,1231.6
194.791,4,1231.6
194.824,4,1231.6
194.858,4,1231.6
194.891,4,1231.6
194.924,4,1231.6
194.958,4,1231.5
194.991,4,1231.5
195.024,4,1231.5
195.058,4,1231.5
195.091,4,1231.4
195.124,4,1231.4
195.158,4,1231.4
195.191,4,1231.3
195.224,4,1231.3
195.258,4,1231.2
195.291,4,1231.2
195.324,4,1231.3
195.358,4,1231.3
195.391,4,1231.3
195.424,4,1231.2
195.458,4,1231.2
195.491,4,1231.2
195.524,4,1231.1
195.558,4,1231.1
195.591,4,1231.1
195.624,4,1231.1
195.658,4,1231.1
195.691,4,1231.1
195.724,4,1231
195.758,4,1231
195.791,4,1231
195.824,4,1231
195.858,4,1231
195.891,4,1231
195.924,4,1230.9
195.958,4,1230.9
195.991,4,1230.9
196.024,4,1230.8
196.058,4,1230.8
196.091,4,1230.8
196.124,4,1230.8
196.158,4,1230.7
196.191,4,1230.7
196.224,4,1230.7
196.258,4,1230.7
196.291,4,1230.7
196.324,4,1230.7
196.358,4,1230.7
196.391,4,1230.6
196.424,4,1230.6
196.458,4,1230.6
196.491,4,1230.6
196.524,4,1230.6
196.558,4,1230.6
196.591,4,1230.5
196.624,4,1230.6
196.658,4,1230.6
196.691,4,1230.5
196.724,4,1230.5
196.758,4,1230.5
196.791,4,1230.4
196.824,4,1230.4
196.858,4,1230.4
196.891,4,1230.4
196.924,4,1230.4
196.958,4,1230.4
196.991,4,1230.4
197.024,4,1230.3
197.058,4,1230.3
197.091,4,1230.3
197.124,4,1230.3
197.158,4,1230.3
197.191,4,1230.2
197.225,4,1230.2
197.258,4,1230.2
197.291,4,1230.2
197.325,4,1230.1
197.358,4,1230.1
197.391,4,1230.1
197.425,4,1230.1
197.458,4,1230.1
197.491,4,1230
197.525,4,1230
197.558,4,1230
197.591,4,1230
197.624,4,1230
197.658,4,1229.9
197.691,4,1229.9
197.725,4,1229.9
199.725,4,1228.7
199.758,4,1228.7
199.791,4,1228.7
199.825,4,1228.7
199.858,4,1228.7
199.891,4,1228.7
199.925,4,1228.6
199.958,4,1228.6
199.991,4,1228.6
200.025,4,1228.6
200.058,4,1228.6
200.091,4,1228.5
200.125,4,1228.5
200.158,4,1228.5
200.192,4,1228.4
200.225,4,1228.5
200.258,4,1228.5
200.292,4,1228.4
200.325,4,1228.4
200.358,4,1228.4
200.391,4,1228.4
200.425,3.013,1228.3
200.458,1.672,1228.3
200.491,0.343,1228.3
200.525,0,1228.3
200.558,0,1228.3
200.592,0,1228.3
200.625,0,1228.3
200.658,0,1228.3
200.692,0,1228.3
200.725,0,1228.3
200.758,0,1228.3
200.792,0,1228.3
200.825,0,1228.3
200.858,0,1228.3
200.892,0,1228.3
200.925,0,1228.3
200.958,0,1228.3
200.992,0,1228.3
201.025,0,1228.3
201.058,0,1228.3
201.091,0,1228.3
201.125,0,1228.3
201.158,0,1228.3
201.192,0,1228.3
201.225,0,1228.3
201.258,0,1228.3
201.291,0,1228.3
201.325,0,1228.3
201.358,0,1228.3
201.392,0,1228.3
201.425,0,1228.3
201.458,0,1228.3
201.492,0,1228.3
201.525,0,1228.3
201.558,0,1228.2
201.592,0,1228.3
201.625,0,1228.3
201.658,0,1228.2
201.692,0,0
201.725,0,1228.3
201.758,0,1228.3
201.792,0,1228.3
201.825,0,1228.3
201.858,0,1228.3
201.892,0,1228.3
201.925,0,1228.2
201.958,0,1228.2
201.992,0,1228.2
202.025,0,1228.3
202.058,0,1228.3
202.092,0,1228.3
202.125,0,1228.3
202.158,0,1228.3
202.191,0,1228.3
202.225,0,1228.2
202.258,0,1228.2
202.291,0,1228.2
202.325,0,1228.2
202.358,0,1228.2
202.392,0,1228.2
202.425,0,1228.2
202.458,0,1228.3
202.491,0,1228.3
202.525,0,1228.2
202.558,0,1228.3
202.592,0,1228.3
202.625,0,1228.2
202.658,0,1228.3
202.692,0,1228.3
202.725,0,1228.3
202.758,0,1228.2
202.791,0,1228.2
202.825,0,1228.3
202.858,0,1228.3
202.891,0,1228.3
202.925,0,1228.2
202.958,0,1228.2
202.992,0,1228.2
203.025,0,1228.2
203.058,0,1228.2
203.092,0,1228.2
203.125,0,1228.2
203.158,0,1228.2
203.192,0,1228.3
203.225,0,1228.3
203.258,0,1228.3
203.292,0,1228.2
203.325,0,1228.3
203.358,0,1228.3
203.392,0,1228.3
203.425,0,1228.2
203.458,0,1228.2
203.492,0,1228.2
203.525,0,1228.2
203.558,0,1228.2
203.592,0,1228.2
203.625,0,1228.2
203.658,0,1228.2
203.692,0,1228.2
203.725,0,1228.2
203.758,0,1228.2
203.792,0,1228.2
203.825,0,1228.2
203.858,0,1228.2
203.892,0,1228.3
203.925,0,1228.3
203.958,0,1228.3
203.992,0,1228.3
204.025,0,1228.3
204.058,0,1228.2
204.092,0,1228.3
204.125,0,1228.3
204.158,0,1228.2
204.192,0,1228.3
204.225,0,1228.3
204.258,0,1228.3
204.292,0,1228.2
204.325,0,1228.2
204.358,0,1228.2
204.392,0,1228.3
204.425,0,1228.3
204.458,0,1228.2
204.492,0,1228.2
204.525,0,1228.2
204.558,0,1228.2
204.592,0,1228.2
204.625,0,1228.2
204.658,0,1228.2
204.692,0,1228.3
204.725,0,1228.3
204.758,0,1228.2
204.792,0,1228.2
204.825,0,1228.2
204.858,0,1228.2
204.892,0,1228.2
204.925,0,1228.2
204.958,0,1228.3
204.992,0,1228.3
205.025,0,1228.2
205.058,0,1228.2
205.092,0,1228.2
205.125,0,1228.2
205.158,0,1228.3
205.192,0,1228.3
205.225,0,1228.3
205.258,0,1228.3
205.292,0,1228.3
205.325,0,1228.3
205.359,0,1228.3
205.392,0,1228.3
205.425,0,1228.2
205.459,0,1228.3
205.492,0,1228.3
205.525,0,1228.2
205.559,0,1228.2
205.592,0,1228.2
205.625,0,1228.2
205.658,0,1228.2
205.692,0,1228.2
205.725,0,1228.2
205.758,0,1228.2
205.792,0,1228.2
205.825,0,1228.2
205.858,0,1228.2
205.892,0,1228.2
205.925,0,1228.2
205.958,0,1228.2
205.992,0,1228.2
206.025,0,1228.3
206.058,0,1228.3
206.092,0,1228.2
206.125,0,1228.2
206.158,0,1228.2
206.192,0,1228.2
206.225,0,1228.2
206.258,0,1228.2
206.292,0,1228.2
206.325,0,1228.2
206.359,0,1228.2
206.392,0,1228.2
206.425,0,1228.2
206.458,0,1228.2
206.492,0,1228.2
206.525,0,1228.3
206.559,0,1228.3
206.592,0,1228.2
206.625,0,1228.2
206.659,0,1228.2
206.692,0,1228.2
206.725,0,1228.2
206.759,0,1228.2
206.792,0,1228.2
206.825,0,1228.2
206.859,0,1228.2
206.892,0,1228.3
206.925,0,1228.2
206.959,0,1228.2
206.992,0,1228.2
207.025,0,1228.2
207.059,0,1228.2
207.092,0,1228.2
207.125,0,1228.2
207.159,0,1228.2
207.192,0,1228.3
207.225,0,1228.3
207.258,0,1228.2
207.292,0,1228.2
207.325,0,1228.2
207.358,0,1228.2
207.392,0,1228.2
207.425,0,1228.2
207.458,0,1228.3
207.492,0,1228.3
207.525,0,1228.3
207.558,0,1228.3
207.592,0,1228.3
207.625,0,1228.3
207.659,0,1228.2
207.692,0,1228.2
207.725,0,1228.2
207.759,0,1228.2
207.792,0,1228.3
207.825,0,1228.3
207.859,0,1228.3
207.892,0,1228.2
207.925,0,1228.2
207.958,0,1228.2
207.992,0,1228.2
208.025,0,1228.2
208.058,0,1228.2
208.092,0,1228.2
208.125,0,1228.2
208.159,0,1228.2
208.192,0,1228.2
208.225,0,1228.2
208.259,0,1228.2
208.292,0,1228.2
208.325,0,1228.2
208.359,0,1228.2
208.392,0,1228.2
208.425,0,1228.2
208.459,0,1228.2
208.492,0,1228.2
208.525,0,1228.2
208.558,0,1228.2
208.592,0,1228.2
208.625,0,1228.2
208.659,0,1228.2
208.692,0,1228.2
208.725,0,1228.2
208.759,0,1228.2
208.792,0,1228.2
208.825,0,1228.2
208.859,0,1228.2
208.892,0,1228.2
208.925,0,1228.3
208.959,0,1228.3
208.992,0,1228.3
209.025,0,1228.2
209.058,0,1228.2
209.092,0,1228.2
209.125,0,1228.2
209.159,0,1228.2
209.192,0,1228.2
209.225,0,1228.2
209.259,0,1228.2
209.292,0,1228.2
209.325,0,1228.2
209.359,0,1228.2
209.392,0,1228.2
209.425,0,1228.2
209.459,0,1228.2
209.492,0,1228.2
209.525,0,1228.2
209.559,0,1228.2
209.592,0,1228.2
209.625,0,1228.2
209.659,0,1228.2
209.692,0,1228.3
209.725,0,1228.3
209.759,0,1228.3
209.792,0,1228.2
209.825,0,1228.2
209.859,0,1228.2
209.892,0,1228.3
209.925,0,1228.2
209.959,0,1228.2
209.992,0,1228.2
210.025,0,1228.2
210.059,0,1228.2
210.092,0,1228.2
210.125,0,1228.2
210.159,0,1228.2
210.192,0,1228.2
210.225,0,1228.2
210.259,0,1228.2
210.292,0,1228.2
210.325,0,1228.2
210.359,0,1228.2
210.392,0,1228.2
210.425,0,1228.2
210.459,0,1228.2
210.492,0,1228.2
210.525,1.771,1228.2
210.559,4.11,1228.2
210.592,6.438,1228.2
210.625,7,1228.2
210.659,7,1228.2
210.692,7,1228.1
210.725,7,1228.1
210.759,7,1228.1
210.792,7,1228.1
210.825,7,1228.1
210.859,7,1228.1
210.892,7,1227.9
210.925,7,1227.9
210.959,7,1227.9
210.992,7,1227.8
211.025,7,1227.8
211.059,7,1227.8
211.092,7,1227.8
211.125,7,1227.8
211.159,7,1227.7
211.192,7,1227.7
211.225,7,1227.7
211.259,7,1227.6
211.292,7,1227.5
211.325,7,1227.5
211.359,7,1227.5
211.392,7,1227.5
211.425,7,1227.5
211.459,7,1227.4
211.492,7,1227.4
211.525,7,1227.4
211.559,7,1227.4
211.592,7,1227.4
211.625,7,1227.3
211.659,7,1227.3
211.692,7,1227.3
211.726,7,1227.2
211.759,7,1227.1
211.792,7,1227.1
211.826,7,1227.1
211.859,7,1227
211.892,7,1227
211.925,7,1227
211.959,7,1226.9
211.992,7,1226.9
212.025,7,1226.8
212.059,7,1226.8
212.092,7,1226.8
212.125,7,1226.8
212.159,7,1226.8
212.192,7,1226.8
212.225,7,1226.7
212.259,7,1226.6
212.292,7,1226.6
212.325,7,1226.6
212.359,7,1226.5
212.392,7,1226.5
212.425,7,1226.5
212.459,7,1226.5
212.492,7,1226.4
212.525,7,1226.4
212.559,7,1226.4
212.592,7,1226.3
212.625,7,1226.3
212.659,7,1226.3
212.692,7,1226.2
212.725,7,1226.2
212.759,7,1226.2
212.792,7,1226.1
212.826,7,1226.1
212.859,7,1226.1
212.892,7,1226.1
212.925,7,1226
212.959,7,1226
212.992,7,1225.9
213.026,7,1225.9
213.059,7,1225.9
213.092,7,1225.8
213.126,7,1225.8
213.159,7,1225.8
213.192,7,1225.8
213.225,7,1225.7
213.259,7,1225.7
213.292,7,1225.6
213.326,7,1225.6
213.359,7,1225.6
213.392,7,1225.5
213.426,7,1225.5
213.459,7,1225.5
213.492,7,1225.4
213.526,7,1225.4
213.559,7,1225.4
213.592,7,1225.3
213.625,7,1225.3
213.659,7,1225.3
213.692,7,1225.2
213.726,7,1225.2
213.759,7,1225.1
213.792,7,1225.1
213.826,7,1225.1
213.859,7,1225.1
213.892,7,1225.1
213.926,7,1225.1
213.959,7,1224.9
213.992,7,1224.9
214.025,7,1224.9
214.059,7,1224.8
214.092,7,1224.8
214.126,7,1224.8
214.159,7,1224.8
214.192,7,1224.7
214.226,7,1224.7
214.259,7,1224.6
214.292,7,1224.6
214.326,7,1224.6
214.359,7,1224.6
214.392,7,1224.5
214.426,7,1224.5
214.459,7,1224.4
214.492,7,1224.4
214.526,7,1224.4
214.559,7,1224.4
214.592,7,1224.3
214.626,7,1224.3
214.659,7,1224.2
214.692,7,1224.2
214.726,7,1224.2
214.759,7,1224.1
214.792,7,1224.1
214.826,7,1224.1
214.859,7,1224
214.892,7,1224
214.926,7,1224
214.959,7,1223.9
214.992,7,1223.9
215.026,7,1223.9
215.059,7,1223.8
215.092,7,1223.8
215.126,7,1223.8
215.159,7,1223.8
215.192,7,1223.8
215.225,7,1223.7
215.259,7,1223.6
215.292,7,1223.6
215.326,7,1223.6
215.359,7,1223.5
215.392,7,1223.5
215.426,7,1223.5
215.459,7,1223.5
215.492,7,1223.5
215.526,7,1223.3
215.559,7,1223.3
215.592,7,1223.3
215.626,7,1223.3
215.659,7,1223.2
215.692,7,1223.2
215.726,7,1223.2
215.759,7,1223.2
215.792,7,1223.2
215.826,7,1223.1
215.859,7,1223.1
215.892,7,1223
215.926,7,1222.9
215.959,7,1222.9
215.992,7,1222.9
216.026,7,1222.9
216.059,7,1222.9
216.092,7,1222.8
216.126,7,1222.8
216.159,7,1222.8
216.192,7,1222.7
216.226,7,1222.7
216.259,7,1222.7
216.292,7,1222.6
216.326,7,1222.6
216.359,7,1222.6
216.392,7,1222.5
216.426,7,1222.5
216.459,7,1222.5
216.492,7,1222.4
216.526,7,1222.4
216.559,7,1222.4
216.592,7,1222.3
216.626,7,1222.3
216.659,7,1222.3
216.692,7,1222.2
216.726,7,1222.2
216.759,7,1222.2
216.792,7,1222.1
216.826,7,1222.1
216.859,7,1222.1
216.892,7,1222
216.926,7,1222
216.959,7,1222
216.992,7,1221.9
217.026,7,1221.9
217.059,7,1221.9
217.093,7,1221.9
217.126,7,1221.9
217.159,7,1221.7
217.192,7,1221.7
217.226,7,1221.7
217.259,7,1221.7
217.292,7,1221.7
217.326,7,1221.7
217.359,7,1221.6
217.392,7,1221.5
217.426,7,1221.5
217.459,7,1221.4
217.492,7,1221.4
217.526,7,1221.4
217.559,7,1221.3
217.593,7,1221.3
217.626,7,1221.3
217.659,7,1221.2
217.693,7,1221.2
217.726,7,1221.2
217.759,7,1221.2
217.792,7,1221.2
217.826,7,1221.2
217.859,7,1221.1
217.892,7,1221.1
217.926,7,1221.1
217.959,7,1221
217.993,7,1221
218.026,7,1220.9
218.059,7,1220.9
218.092,7,1220.9
218.126,7,1220.9
218.159,7,1220.8
218.192,7,1220.8
218.226,7,1220.8
218.259,7,1220.6
218.292,7,1220.6
218.326,7,1220.6
218.359,7,1220.6
218.392,7,1220.6
218.426,7,1220.5
218.459,7,1220.5
218.493,7,1220.5
218.526,7,1220.4
218.559,7,1220.3
218.592,7,1220.3
218.626,7,1220.3
218.659,7,1220.3
218.693,7,1220.3
218.726,7,1220.2
218.759,7,1220.2
218.792,7,1220.2
218.826,7,1220.1
218.859,7,1220.1
218.892,7,1220.1
218.926,7,1220.1
218.959,7,1220.1
218.992,7,1220
219.026,7,1219.9
219.059,7,1219.9
219.092,7,1219.8
219.126,7,1219.8
219.159,7,1219.8
219.192,7,1219.8
219.226,7,1219.8
219.259,7,1219.8
219.293,7,1219.7
219.326,7,1219.6
219.359,7,1219.6
219.393,7,1219.6
219.426,7,1219.5
219.459,7,1219.5
219.492,7,1219.5
219.526,7,1219.5
219.559,7,1219.5
219.592,7,1219.3
219.626,7,1219.4
219.659,7,1219.4
219.692,7,1219.2
219.726,7,1219.2
219.759,7,1219.2
219.793,7,1219.2
219.826,7,1219.1
219.859,7,1219.1
219.893,7,1219
219.926,7,1219
219.959,7,1219
219.993,7,1219
220.026,7,1219
220.059,7,1219
220.092,7,1218.9
220.126,7,1218.9
220.159,7,1218.9
220.192,7,1218.8
220.226,7,1218.8
220.259,7,1218.7
220.292,7,1218.7
220.326,7,1218.7
220.359,7,1218.6
220.393,7,1218.5
220.426,7,1218.5
220.459,7,1218.5
220.493,7,1218.5
220.526,7,1218.5
220.559,7,1218.4
220.592,7,1218.4
220.626,7,1218.4
220.659,7,1218.3
220.693,7,1218.3
220.726,7,1218.3
220.759,7,1218.3
220.793,7,1218.2
220.826,7,1218.2
220.859,7,1218.1
220.893,7,1218.1
220.926,7,1218.1
220.959,7,1218
220.992,7,1218
221.026,7,1218
221.059,7,1217.9
221.093,7,1217.9
221.126,7,1217.9
221.159,7,1217.9
221.193,7,1217.9
221.226,7,1217.8
221.259,7,1217.7
221.293,7,1217.7
221.326,7,1217.7
221.359,7,1217.6
221.393,7,1217.6
221.426,7,1217.5
221.459,7,1217.6
221.493,7,1217.6
221.526,7,1217.5
221.559,7,1217.4
221.593,7,1217.4
221.626,7,1217.4
221.659,7,1217.3
221.693,7,1217.3
221.726,7,1217.2
221.759,7,1217.2
221.793,7,1217.2
221.826,7,1217.1
221.859,7,1217.1
221.893,7,1217.1
221.926,7,1217.1
221.959,7,1217
221.993,7,1217
222.026,7,1217
222.059,7,1217
222.093,7,1217
222.126,7,1216.9
222.159,7,1216.9
222.193,7,1216.9
222.226,7,1216.8
222.259,7,1216.8
222.293,7,1216.8
222.326,7,1216.7
222.359,7,1216.7
222.393,7,1216.6
222.426,7,1216.5
222.459,7,1216.5
222.493,7,1216.6
222.526,7,1216.5
222.559,7,1216.5
222.593,7,1216.4
222.626,7,1216.4
222.659,7,1216.4
222.693,7,1216.3
222.726,7,1216.3
222.759,7,1216.3
222.793,7,1216.2
222.826,7,1216.2
222.859,7,1216.2
222.893,7,1216.1
222.926,7,1216.1
222.959,7,1216.1
222.993,7,1216
223.026,7,1215.9
223.059,7,1215.9
223.093,7,1215.9
223.126,7,1215.9
223.159,7,1215.9
223.193,7,1215.9
223.226,7,1215.9
223.259,7,1215.8
223.293,7,1215.8
223.326,7,1215.8
223.359,7,1215.7
223.393,7,1215.7
223.426,7,1215.7
223.459,7,1215.6
223.493,7,1215.5
223.526,7,1215.5
223.559,7,1215.5
223.593,7,1215.5
223.626,7,1215.5
223.659,7,1215.4
223.693,7,1215.3
223.726,7,1215.3
223.759,7,1215.3
223.793,7,1215.2
223.826,7,1215.2
223.86,7,1215.2
223.893,7,1215.1
223.926,7,1215.1
223.959,7,1215.1
223.993,7,1215
224.026,7,1215
224.06,7,1215
224.093,7,1215
224.126,7,1215
224.159,7,1214.9
224.193,7,1214.8
224.226,7,1214.8
224.259,7,1214.8
224.293,7,1214.8
224.326,7,1214.7
224.359,7,1214.7
224.393,7,1214.7
224.426,7,1214.6
224.459,7,1214.6
224.493,7,1214.6
224.526,7,1214.5
224.56,7,1214.4
224.593,7,1214.4
224.626,7,1214.4
224.66,7,1214.4
224.693,7,1214.4
224.726,7,1214.4
224.759,7,1214.3
224.793,7,1214.3
224.826,7,1214.2
224.859,7,1214.2
224.893,7,1214.2
224.926,7,1214.1
224.96,7,1214.1
224.993,7,1214.1
225.026,7,1214.1
225.059,7,1214
225.093,7,1214
225.126,7,1214
225.16,7,1213.9
225.193,7,1213.9
225.226,7,1213.9
225.259,7,1213.8
225.293,7,1213.8
225.326,7,1213.8
225.359,7,1213.8
225.393,7,1213.6
225.426,7,1213.6
225.459,7,1213.6
225.493,7,1213.6
225.526,7,1213.5
225.56,7,1213.5
225.593,7,1213.5
225.626,7,1213.4
225.66,7,1213.4
225.693,7,1213.4
225.726,7,1213.3
225.76,7,1213.3
225.793,7,1213.3
225.826,7,1213.2
225.859,7,1213.2
225.893,7,1213.2
225.926,7,1213.2
225.96,7,1213.2
225.993,7,1213.1
226.026,7,1213
226.06,7,1213
226.093,7,1213
226.126,7,1212.9
226.159,7,1212.9
226.193,7,1212.9
226.226,7,1212.8
226.26,7,1212.8
226.293,7,1212.8
226.326,7,1212.7
226.36,7,1212.7
226.393,7,1212.7
226.426,7,1212.7
226.46,7,1212.7
226.493,7,1212.6
226.526,7,1212.6
226.56,7,1212.5
226.593,7,1212.4
226.626,7,1212.4
226.66,7,1212.5
226.693,7,1212.4
226.726,7,1212.4
226.76,7,1212.4
226.793,7,1212.3
226.826,7,1212.3
226.86,7,1212.3
226.893,7,1212.2
226.926,7,1212.2
226.96,7,1212.2
226.993,7,1212.1
227.026,7,1212.1
227.06,7,1212.1
227.093,7,1212.1
227.126,7,1212.1
227.16,7,1212
227.193,7,1211.9
227.226,7,1211.9
227.26,7,1211.8
227.293,7,1211.8
227.326,7,1211.8
227.36,7,1211.7
227.393,7,1211.7
227.426,7,1211.7
227.459,7,1211.7
227.493,7,1211.7
227.526,7,1211.7
227.56,7,1211.6
227.593,7,1211.6
227.626,7,1211.5
227.66,7,1211.5
227.693,7,1211.5
227.726,7,1211.4
227.76,7,1211.4
227.793,7,1211.4
227.826,7,1211.3
227.86,7,1211.2
227.893,7,1211.2
227.926,7,1211.2
227.96,7,1211.2
227.993,7,1211.2
228.026,7,1211.2
228.06,7,1211.1
228.093,7,1211.1
228.126,7,1211.1
228.16,7,1210.9
228.193,7,1210.9
228.226,7,1210.9
228.26,7,1210.9
228.293,7,1210.9
228.326,7,1210.8
228.36,7,1210.8
228.393,7,1210.8
228.426,7,1210.8
228.46,7,1210.7
228.493,7,1210.7
228.526,7,1210.6
228.56,7,1210.6
228.593,7,1210.6
228.626,7,1210.6
228.66,7,1210.6
228.693,7,1210.5
228.726,7,1210.4
228.76,7,1210.4
228.793,7,1210.3
228.826,7,1210.3
228.86,7,1210.3
228.893,7,1210.3
228.926,7,1210.2
228.96,7,1210.2
228.993,7,1210.2
229.026,7,1210.1
229.06,7,1210.1
229.093,7,1210.1
229.126,7,1210
229.16,7,1210
229.193,7,1210
229.226,7,1210
229.26,7,1210
229.293,7,1209.9
229.326,7,1209.8
229.36,7,1209.8
229.393,7,1209.8
229.426,7,1209.7
229.46,7,1209.7
229.493,7,1209.7
229.526,7,1209.6
229.56,7,1209.6
229.593,7,1209.6
229.626,7,1209.5
229.66,7,1209.5
229.693,7,1209.4
229.726,7,1209.4
229.76,7,1209.4
229.793,7,1209.4
229.826,7,1209.4
229.86,7,1209.4
229.893,7,1209.3
229.926,7,1209.3
229.96,7,1209.3
229.993,7,1209.2
230.027,7,1209.2
230.06,7,1209.2
230.093,7,1209
230.126,7,1209
230.16,7,1209
230.193,7,1209
230.226,7,1209
230.26,7,1208.9
230.293,7,1208.9
230.326,7,1208.9
230.36,7,1208.9
230.393,7,1208.8
230.426,7,1208.8
230.46,7,1208.7
230.493,7,1208.7
230.526,7,1208.7
230.56,7,1208.7
230.593,7,1208.6
230.626,7,1208.6
230.66,7,1208.5
230.693,7,1208.5
230.726,7,1208.5
230.76,7,1208.4
230.793,7,1208.4
230.826,7,1208.4
230.86,7,1208.3
230.893,7,1208.3
230.926,7,1208.3
230.96,7,1208.2
230.993,7,1208.2
231.026,7,1208.1
231.06,7,1208.1
231.093,7,1208.1
231.126,7,1208
231.16,7,1208
231.193,7,1208
231.226,7,1208
231.26,7,1207.9
231.293,7,1207.9
231.326,7,1207.9
231.36,7,1207.9
231.393,7,1207.9
231.426,7,1207.8
231.46,7,1207.8
231.493,7,1207.8
231.526,7,1207.6
231.56,7,1207.6
231.593,7,1207.6
231.626,7,1207.6
231.66,7,1207.6
231.693,7,1207.6
231.726,7,1207.5
231.76,7,1207.5
231.793,7,1207.5
231.826,7,1207.4
231.86,7,1207.4
231.893,7,1207.3
231.926,7,1207.3
231.96,7,1207.3
231.993,7,1207.2
232.026,7,1207.1
232.06,7,1207.1
232.093,7,1207.1
232.126,7,1207
232.16,7,1207
232.193,7,1207
232.226,7,1207
232.26,7,1207
232.293,7,1206.9
232.326,7,1206.9
232.36,7,1206.9
232.393,7,1206.9
232.426,7,1206.8
232.46,7,1206.8
232.493,7,1206.8
232.526,7,1206.6
232.56,7,1206.6
232.593,7,1206.6
232.626,7,1206.6
232.66,7,1206.6
232.693,7,1206.5
232.726,7,1206.5
232.76,7,1206.5
232.793,7,1206.5
232.826,7,1206.4
232.86,7,1206.4
232.893,7,1206.3
232.926,7,1206.3
232.96,7,1206.3
232.993,7,1206.3
233.026,7,1206.3
233.06,7,1206.2
233.093,7,1206.2
233.126,7,1206.2
233.16,7,1206.1
233.193,7,1206
233.226,7,1206
233.26,7,1206
233.293,7,1206
233.326,7,1206
233.36,7,1205.9
233.393,7,1205.8
233.426,7,1205.8
233.46,7,1205.8
233.493,7,1205.8
233.526,7,1205.8
233.56,7,1205.7
233.593,7,1205.6
233.626,7,1205.6
233.66,7,1205.6
233.693,7,1205.6
233.726,7,1205.6
233.76,7,1205.4
233.793,7,1205.4
233.826,7,1205.4
233.86,7,1205.3
233.893,7,1205.4
233.926,7,1205.4
233.96,7,1205.3
233.993,7,1205.3
234.026,7,1205.3
234.06,7,1205.2
234.093,7,1205.2
234.126,7,1205.1
234.16,7,1205.1
234.193,7,1205.1
234.226,7,1205.1
234.26,7,1205
234.293,7,1205
234.326,7,1204.9
234.36,7,1204.9
234.393,7,1204.9
234.426,7,1204.8
234.46,7,1204.8
234.493,7,1204.8
234.526,7,1204.8
234.56,7,1204.7
234.593,7,1204.7
234.626,7,1204.6
234.66,7,1204.5
234.693,7,1204.5
234.726,7,1204.5
234.76,7,1204.5
234.793,7,1204.5
234.827,7,1204.5
234.86,7,1204.4
234.893,7,1204.4
234.927,7,1204.4
234.96,7,1204.3
234.993,7,1204.3
235.027,7,1204.3
235.06,7,1204.3
235.093,7,1204.2
235.127,7,1204.2
235.16,7,1204.2
235.193,7,1204.1
235.227,7,1204
235.26,7,1204
235.293,7,1204
235.327,7,1203.9
235.36,7,1203.9
235.393,7,1203.9
235.427,7,1203.8
235.46,7,1203.8
235.493,7,1203.8
235.527,7,1203.7
235.56,7,1203.7
235.593,7,1203.7
235.627,7,1203.6
235.66,7,1203.6
235.693,7,1203.6
235.727,7,1203.5
235.76,7,1203.5
235.793,7,1203.5
235.827,7,1203.4
235.86,7,1203.4
235.893,7,1203.4
235.927,7,1203.3
235.96,7,1203.3
235.993,7,1203.2
236.027,7,1203.2
236.06,7,1203.2
236.093,7,1203.1
236.127,7,1203.1
236.16,7,1203.1
236.193,7,1203.1
236.227,7,1203.1
236.26,7,1203
236.293,7,1203
236.327,7,1203
236.36,7,1203
236.393,7,1202.8
236.427,7,1202.8
236.46,7,1202.8
236.493,7,1202.8
236.527,7,1202.8
236.56,7,1202.7
236.593,7,1202.7
236.627,7,1202.7
236.66,7,1202.7
236.693,7,1202.6
236.727,7,1202.6
236.76,7,1202.5
236.793,7,1202.4
236.827,7,1202.4
236.86,7,1202.4
236.893,7,1202.4
236.927,7,1202.4
236.96,7,1202.4
236.993,7,1202.3
237.027,7,1202.3
237.06,7,1202.2
237.093,7,1202.1
237.127,7,1202.1
237.16,7,1202.1
237.193,7,1202.1
237.227,7,1202.1
237.26,7,1202
237.293,7,1202
237.327,7,1202
237.36,7,1202
237.393,7,1202
237.427,7,1201.9
237.46,7,1201.8
237.493,7,1201.8
237.527,7,1201.7
237.56,7,1201.7
237.593,7,1201.7
237.627,7,1201.6
237.66,7,1201.6
237.693,7,1201.6
237.727,7,1201.6
237.76,7,1201.5
237.793,7,1201.5
237.827,7,1201.5
237.86,7,1201.5
237.893,7,1201.5
237.927,7,1201.4
237.96,7,1201.4
237.993,7,1201.4
238.027,7,1201.3
238.06,7,1201.3
238.093,7,1201.3
238.127,7,1201.2
238.16,7,1201.2
238.193,7,1201.2
238.227,7,1201.1
238.26,7,1201.1
238.293,7,1201
238.327,7,1201
238.36,7,1201
238.393,7,1200.9
238.427,7,1200.8
238.46,7,1200.8
238.493,7,1200.8
238.527,7,1200.8
238.56,7,1200.8
238.593,7,1200.7
238.627,7,1200.6
238.66,7,1200.6
238.693,7,1200.6
238.727,7,1200.5
238.76,7,1200.5
238.793,7,1200.5
238.827,7,1200.5
238.86,7,1200.5
238.893,7,1200.4
238.927,7,1200.4
238.96,7,1200.4
238.993,7,1200.3
239.027,7,1200.2
239.06,7,1200.2
239.093,7,1200.2
239.127,7,1200.2
239.16,7,1200.2
239.193,7,1200.1
239.227,7,1200.1
239.26,7,1200.1
239.293,7,1200
239.327,7,1200
239.36,7,1200
239.393,7,1199.9
239.427,7,1199.9
239.46,7,1199.9
239.493,7,1199.9
239.527,7,1199.9
239.56,7,1199.8
239.593,7,1199.7
239.627,7,1199.7
239.66,7,1199.7
239.693,7,1199.6
239.727,7,1199.6
239.76,7,1199.6
239.793,7,1199.5
239.827,7,1199.5
239.86,7,1199.5
239.893,7,1199.5
239.927,7,1199.5
239.96,7,1199.4
239.993,7,1199.4
240.027,7,1199.4
240.06,7,1199.3
240.093,7,1199.2
240.127,7,1199.2
240.16,7,1199.2
240.193,7,1199.2
240.227,7,1199.2
240.26,7,1199.1
240.293,7,1199.1
240.327,7,1199.1
240.36,7,1199
240.393,7,1199
240.427,7,1199
240.46,7,1198.9
240.493,7,1198.9
240.527,7,1198.8
240.56,7,1198.8
240.593,7,1198.8
240.627,7,1198.8
240.66,7,1198.7
240.693,7,1198.7
240.727,7,1198.6
240.76,7,1198.7
240.793,7,1198.7
240.827,7,1198.5
240.86,7,1198.5
240.893,7,1198.5
240.927,7,1198.5
240.96,7,1198.4
240.993,7,1198.4
241.027,7,1198.3
241.06,7,1198.4
241.093,7,1198.4
241.127,7,1198.3
241.16,7,1198.2
241.193,7,1198.2
241.227,7,1198.1
241.26,7,1198.1
241.294,7,1198.1
241.327,7,1198.1
241.36,7,1198
241.393,7,1198
241.427,7,1198
241.46,7,1197.9
241.493,7,1197.9
241.527,7,1197.8
241.56,7,1197.8
241.593,7,1197.8
241.627,7,1197.8
241.66,7,1197.8
241.693,7,1197.7
241.727,7,1197.7
241.76,7,1197.7
241.794,7,1197.6
241.827,7,1197.6
241.86,7,1197.6
241.894,7,1197.5
241.927,7,1197.5
241.96,7,1197.5
241.994,7,1197.4
242.027,7,1197.3
242.06,7,1197.3
242.094,7,1197.3
242.127,7,1197.2
242.16,7,1197.2
242.194,7,1197.2
242.227,7,1197.1
242.26,7,1197.1
242.294,7,1197.1
242.327,7,1197.1
242.36,7,1197.1
242.394,7,1197.1
242.427,7,1197
242.46,7,1197
242.494,7,1197
242.527,7,1196.9
242.56,7,1196.9
242.594,7,1196.8
242.627,7,1196.8
242.66,7,1196.8
242.694,7,1196.8
242.727,7,1196.8
242.76,7,1196.7
242.794,7,1196.7
242.827,7,1196.7
242.86,7,1196.7
242.894,7,1196.6
242.927,7,1196.6
242.96,7,1196.6
242.994,7,1196.4
243.027,7,1196.4
243.06,7,1196.4
243.094,7,1196.3
243.127,7,1196.3
243.16,7,1196.3
243.194,7,1196.3
243.227,7,1196.3
243.26,7,1196.2
243.294,7,1196.1
243.327,7,1196.1
243.36,7,1196.1
243.394,7,1196.1
243.427,7,1196.1
243.46,7,1196
243.494,7,1196
243.527,7,1196
243.56,7,1195.9
243.594,7,1195.9
243.627,7,1195.9
243.66,7,1195.8
243.694,7,1195.8
243.727,7,1195.7
243.76,7,1195.7
243.794,7,1195.7
243.827,7,1195.6
243.86,7,1195.6
243.894,7,1195.6
243.927,7,1195.6
243.96,7,1195.5
243.994,7,1195.5
244.027,7,1195.5
244.06,7,1195.4
244.094,7,1195.4
244.127,7,1195.4
244.16,7,1195.3
244.194,7,1195.3
244.227,7,1195.3
244.26,7,1195.2
244.294,7,1195.2
244.327,7,1195.2
244.36,7,1195.1
244.394,7,1195.1
244.427,7,1195
244.46,7,1195
244.494,7,1195
244.527,7,1195
244.56,7,1194.9
244.594,7,1194.9
244.627,7,1194.9
244.66,7,1194.8
244.694,7,1194.8
244.727,7,1194.8
244.76,7,1194.8
244.794,7,1194.7
244.827,7,1194.7
244.86,7,1194.7
244.894,7,1194.7
244.927,7,1194.5
244.96,7,1194.5
244.994,7,1194.5
245.027,7,1194.5
245.06,7,1194.5
245.094,7,1194.4
245.127,7,1194.4
245.16,7,1194.4
245.194,7,1194.3
245.227,7,1194.3
245.26,7,1194.3
245.294,7,1194.2
245.327,7,1194.2
245.36,7,1194.2
245.394,7,1194.1
245.427,7,1194.1
245.46,7,1194.1
245.494,7,1194
245.527,7,1193.9
245.56,7,1193.9
245.594,7,1193.9
245.627,7,1193.8
245.66,7,1193.8
245.694,7,1193.8
245.727,7,1193.7
245.76,7,1193.7
245.794,7,1193.7
245.827,7,1193.7
245.86,7,1193.7
245.894,7,1193.6
245.927,7,1193.6
245.96,7,1193.5
245.994,7,1193.5
246.027,7,1193.5
246.06,7,1193.5
246.094,7,1193.4
246.127,7,1193.4
246.16,7,1193.3
246.194,7,1193.4
246.227,7,1193.4
246.26,7,1193.2
246.294,7,1193.2
246.327,7,1193.2
246.36,7,1193.2
246.394,7,1193.2
246.427,7,1193.2
246.46,7,1193
246.494,7,1193
246.527,7,1193
246.56,7,1193
246.594,7,1192.9
246.627,7,1192.9
246.66,7,1192.9
246.694,7,1192.8
246.727,7,1192.8
246.76,7,1192.8
246.794,7,1192.7
246.827,7,1192.7
246.86,7,1192.7
246.894,7,1192.7
246.927,7,1192.7
246.96,7,1192.6
246.994,7,1192.6
247.027,7,1192.5
247.06,7,1192.4
247.094,7,1192.4
247.127,7,1192.4
247.16,7,1192.4
247.194,7,1192.4
247.227,7,1192.4
247.26,7,1192.3
247.294,7,1192.3
247.327,7,1192.2
247.36,7,1192.1
247.394,7,1192.1
247.427,7,1192.1
247.46,7,1192
247.494,7,1192
247.527,7,1192
247.56,7,1191.9
247.594,7,1191.9
247.627,7,1191.9
247.66,7,1191.9
247.694,7,1191.9
247.727,7,1191.8
247.76,7,1191.8
247.794,7,1191.8
247.827,7,1191.8
247.86,7,1191.7
247.894,7,1191.7
247.927,7,1191.6
247.96,7,1191.6
247.994,7,1191.6
248.027,7,1191.5
248.06,7,1191.5
248.094,7,1191.4
248.127,7,1191.4
248.16,7,1191.4
248.194,7,1191.4
248.227,7,1191.3
248.26,7,1191.3
248.294,7,1191.2
248.327,7,1191.2
248.36,7,1191.2
248.394,7,1191.2
248.427,7,1191.1
248.46,7,1191.1
248.494,7,1191
248.527,7,1191
248.56,7,1191
248.594,7,1190.9
248.627,7,1191
248.66,7,1191
248.694,7,1190.9
248.727,7,1190.8
248.76,7,1190.8
248.794,7,1190.8
248.827,7,1190.7
248.86,7,1190.7
248.894,7,1190.6
248.927,7,1190.6
248.96,7,1190.6
248.994,7,1190.6
249.027,7,1190.6
249.06,7,1190.5
249.094,7,1190.5
249.127,7,1190.5
249.16,7,1190.4
249.194,7,1190.3
249.227,7,1190.3
249.261,7,1190.3
249.294,7,1190.3
249.327,7,1190.3
249.361,7,1190.2
249.394,7,1190.2
249.427,7,1190.2
249.461,7,1190.2
249.494,7,1190.1
249.527,7,1190.1
249.561,7,1190
249.594,7,1189.9
249.627,7,1189.9
249.661,7,1189.9
249.694,7,1189.9
249.727,7,1189.9
249.761,7,1189.8
249.794,7,1189.8
249.827,7,1189.8
249.861,7,1189.7
249.894,7,1189.7
249.927,7,1189.7
249.961,7,1189.6
249.994,7,1189.6
250.027,7,1189.6
250.061,7,1189.6
250.094,7,1189.6
250.127,7,1189.4
250.161,7,1189.4
250.194,7,1189.4
250.227,7,1189.3
250.261,7,1189.3
250.294,7,1189.3
250.327,7,1189.3
250.361,7,1189.2
250.394,7,1189.2
250.427,7,1189.2
250.461,7,1189.1
250.494,7,1189.1
250.527,7,1189.1
250.561,7,1189
250.594,7,1189
250.627,7,1189
250.661,7,1188.9
250.694,7,1188.9
250.727,7,1188.9
250.761,7,1188.8
250.794,7,1188.8
250.827,7,1188.7
250.861,7,1188.7
250.894,7,1188.7
250.927,7,1188.7
250.961,7,1188.6
250.994,7,1188.6
251.027,7,1188.6
251.061,7,1188.6
251.094,7,1188.6
251.127,7,1188.5
251.161,7,0
251.194,7,1188.4
251.227,7,1188.4
251.261,7,1188.4
251.294,7,1188.3
251.327,7,1188.3
251.361,7,1188.3
251.394,7,1188.2
251.427,7,1188.2
251.461,7,1188.2
251.494,7,1188.1
251.527,7,1188.1
251.561,7,1188.1
251.594,7,1188
251.627,7,1188
251.661,7,1188
251.694,7,1188
251.727,7,1187.9
251.761,7,1187.9
251.794,7,1187.9
251.827,7,1187.8
251.861,7,1187.8
251.894,7,1187.7
251.927,7,1187.7
251.961,7,1187.7
251.994,7,1187.6
252.027,7,1187.6
252.061,7,1187.6
252.094,7,1187.5
252.127,7,1187.5
252.161,7,1187.5
252.194,7,1187.5
252.227,7,1187.3
252.261,7,1187.3
252.294,7,1187.4
252.327,7,1187.4
252.361,7,1187.3
252.394,7,1187.3
252.427,7,1187.3
252.461,7,1187.2
252.494,7,1187.1
252.527,7,1187.1
252.561,7,1187.1
252.594,7,1187.1
252.627,7,1187.1
252.661,7,1187
252.694,7,1187
252.727,7,1187
252.761,7,1186.9
252.794,7,1186.8
252.827,7,1186.8
252.861,7,1186.7
252.894,7,1186.7
252.927,7,1186.7
252.961,7,1186.7
252.994,7,1186.7
253.027,7,1186.7
253.061,7,1186.6
253.094,7,1186.5
253.127,7,1186.5
253.161,7,1186.5
253.194,7,1186.4
253.227,7,1186.4
253.261,7,1186.4
253.294,7,1186.3
253.327,7,1186.3
253.361,7,1186.3
253.394,7,1186.3
253.427,7,1186.2
253.461,7,1186.1
253.494,7,1186.1
253.527,7,1186.1
253.561,7,1186.1
253.594,7,1186.1
253.627,7,1186
253.661,7,1186
253.694,7,1186
253.727,7,1185.9
253.761,7,1185.9
253.794,7,1185.9
253.827,7,1185.8
253.861,7,1185.8
253.894,7,1185.8
253.927,7,1185.7
253.961,7,1185.7
253.994,7,1185.7
254.027,7,1185.6
254.061,7,1185.5
254.094,7,1185.5
254.127,7,1185.5
254.161,7,1185.5
254.194,7,1185.5
254.227,7,1185.4
254.261,7,1185.4
254.294,7,1185.4
254.327,7,1185.3
254.361,7,1185.3
254.394,7,1185.2
254.427,7,1185.2
254.461,7,1185.2
254.494,7,1185.1
254.527,7,1185.1
254.561,7,1185.1
254.594,7,1185
254.627,7,1185
254.661,7,1185
254.694,7,1184.9
254.727,7,1184.9
254.761,7,1184.9
254.794,7,1184.9
254.827,7,1184.8
254.861,7,1184.8
254.894,7,1184.8
254.927,7,1184.7
254.961,7,1184.7
254.994,7,1184.6
255.027,7,1184.6
255.061,7,1184.6
255.094,7,1184.5
255.127,7,1184.5
255.161,7,1184.5
255.194,7,1184.5
255.227,7,1184.4
255.261,7,1184.4
255.294,7,1184.3
255.327,7,1184.3
255.361,7,1184.3
255.394,7,1184.2
255.427,7,1184.2
255.461,7,1184.2
255.494,7,1184.1
255.527,7,1184.1
255.561,7,1184.1
255.594,7,1184.1
255.627,7,1184.1
255.661,7,1184
255.694,7,1183.9
255.727,7,1183.9
255.761,7,1183.9
255.794,7,1183.8
255.827,7,1183.8
255.861,7,1183.8
255.894,7,1183.7
255.927,7,1183.7
255.961,7,1183.7
255.994,7,1183.6
256.027,7,1183.6
256.061,7,1183.6
256.094,7,1183.6
256.127,7,1183.6
256.161,7,1183.5
256.194,7,1183.5
256.227,7,1183.5
256.261,7,1183.4
256.294,7,1183.3
256.327,7,1183.3
256.361,7,1183.3
256.394,7,1183.2
256.427,7,1183.2
256.461,7,1183.2
256.494,7,1183.2
256.528,7,1183.2
256.561,7,1183.1
256.594,7,1183.1
256.627,7,1183
256.661,7,1183.1
256.694,7,1183.1
256.728,7,1183
256.761,7,1182.9
256.794,7,1182.9
256.828,7,1182.9
256.861,7,1182.8
256.894,7,1182.8
256.927,7,1182.8
256.961,7,1182.7
256.994,7,1182.7
257.028,7,1182.6
257.061,7,1182.6
257.094,7,1182.6
257.128,7,1182.5
257.161,7,1182.5
257.194,7,1182.5
257.228,7,1182.4
257.261,7,1182.4
257.294,7,1182.4
257.328,7,1182.3
257.361,7,1182.3
257.394,7,1182.3
257.428,7,1182.2
257.461,7,1182.2
257.494,7,1182.2
257.528,7,1182.1
257.561,7,1182
257.594,7,1182
257.628,7,1182
257.661,7,1182
257.694,7,1182
257.728,7,1181.9
257.761,7,1181.9
257.794,7,1181.9
257.828,7,1181.8
257.861,7,1181.8
257.894,7,1181.7
257.928,7,1181.7
257.961,7,1181.7
257.994,7,1181.6
258.028,7,1181.6
258.061,7,1181.6
258.094,7,1181.6
258.128,7,1181.5
258.161,7,1181.5
258.194,7,1181.5
258.228,7,1181.4
258.261,7,1181.4
258.294,7,1181.4
258.328,7,1181.3
258.361,7,1181.3
258.394,7,1181.3
258.428,7,1181.2
258.461,7,1181.2
258.494,7,1181.2
258.528,7,1181.1
258.561,7,1181.1
258.594,7,1181.1
258.628,7,1181.1
258.661,7,1181.1
258.694,7,1181
258.728,7,1181
258.761,7,1180.9
258.794,7,1180.9
258.828,7,1180.9
258.861,7,1180.8
258.894,7,1180.8
258.928,7,1180.8
258.961,7,1180.8
258.994,7,1180.7
259.028,7,1180.7
259.061,7,1180.6
259.094,7,1180.6
259.128,7,1180.6
259.161,7,1180.6
259.194,7,1180.5
259.228,7,1180.5
259.261,7,1180.4
259.294,7,1180.4
259.328,7,1180.4
259.361,7,1180.3
259.394,7,1180.3
259.428,7,1180.3
259.461,7,1180.3
259.494,7,1180.2
259.528,7,1180.2
259.561,7,1180.2
259.594,7,1180.1
259.628,7,1180.1
259.661,7,1180.1
259.694,7,1180
259.728,7,1180
259.761,7,1180
259.794,7,1180
259.828,7,1179.9
259.861,7,1179.8
259.894,7,1179.8
259.928,7,1179.8
259.961,7,1179.7
259.994,7,1179.7
260.028,7,1179.7
260.061,7,1179.7
260.094,7,1179.7
260.128,7,1179.7
260.161,7,1179.6
260.194,7,1179.6
260.228,7,1179.5
260.261,7,1179.5
260.294,7,1179.5
260.328,7,1179.4
260.361,7,1179.4
260.394,7,1179.4
260.428,7,1179.4
260.461,7,1179.3
260.494,7,1179.3
260.528,7,1179.3
260.561,7,1179.2
260.594,7,1179.2
260.628,7,1179.2
260.661,7,1179.1
260.694,7,1179.1
260.728,7,1179.1
260.761,7,1179
260.794,7,1179
260.828,7,1179
260.861,7,1179
260.894,7,1178.9
260.928,7,1178.9
260.961,7,1178.9
260.994,7,1178.9
261.028,7,1178.8
261.061,7,1178.8
261.094,7,1178.8
261.128,7,1178.7
261.161,7,1178.7
261.194,7,1178.7
261.228,7,1178.7
261.261,7,1178.7
261.294,7,1178.6
261.328,7,1178.5
261.361,7,1178.5
261.394,7,1178.5
261.428,7,1178.5
261.461,7,1178.5
261.494,7,1178.4
261.528,7,1178.4
261.561,7,1178.4
261.594,7,1178.3
261.628,7,1178.3
261.661,7,1178.3
261.694,7,1178.2
261.728,7,1178.1
261.761,7,1178.1
261.794,7,1178.1
261.828,7,1178
261.861,7,1178
261.894,7,1178
261.928,7,1178
261.961,7,1178
261.994,7,1177.9
262.028,7,1177.9
262.061,7,1177.9
262.094,7,1177.8
262.128,7,1177.8
262.161,7,1177.7
262.194,7,1177.7
262.228,7,1177.7
262.261,7,1177.7
262.294,7,1177.6
262.328,7,1177.6
262.361,7,1177.6
262.394,7,1177.5
262.428,7,1177.5
262.461,7,1177.4
262.494,7,1177.4
262.528,7,1177.4
262.561,7,1177.3
262.594,7,1177.3
262.628,7,1177.3
262.661,7,1177.3
262.694,7,1177.2
262.728,7,1177.2
262.761,7,1177.2
262.794,7,1177.1
262.828,7,1177.1
262.861,7,1177
262.894,7,1177
262.928,7,1177
262.961,7,1177
262.994,7,1177
263.028,7,1176.9
263.061,7,1176.9
263.094,7,1176.9
263.128,7,1176.8
263.161,7,1176.8
263.194,7,1176.8
263.228,7,1176.7
263.261,7,1176.6
263.294,7,1176.6
263.328,7,1176.7
263.361,7,1176.5
263.394,7,1176.5
263.428,7,1176.5
263.461,7,1176.5
263.494,7,1176.5
263.528,7,1176.5
263.561,7,1176.4
263.594,7,1176.4
263.628,7,1176.4
263.661,7,1176.3
263.694,7,1176.3
263.728,7,1176.2
263.761,7,1176.2
263.794,7,1176.2
263.828,7,1176.1
263.861,7,1176.1
263.894,7,1176.1
263.928,7,1176
263.961,7,1176
263.994,7,1176
264.028,7,1175.9
264.061,7,1175.9
264.094,7,1175.9
264.128,7,1175.9
264.161,7,1175.9
264.194,7,1175.8
264.228,7,1175.8
264.261,7,1175.8
264.294,7,1175.7
264.328,7,1175.7
264.361,7,1175.7
264.394,7,1175.6
264.428,7,1175.6
264.461,7,1175.6
264.494,7,1175.5
264.528,7,1175.4
264.561,7,1175.4
264.595,7,1175.4
264.628,7,1175.3
264.661,7,1175.3
264.695,7,1175.3
264.728,7,1175.2
264.761,7,1175.2
264.795,7,1175.2
264.828,7,1175.1
264.861,7,1175.1
264.895,7,1175
264.928,7,1175
264.961,7,1175
264.995,7,1175
265.028,7,1174.9
265.061,7,1174.9
265.095,7,1174.9
265.128,7,1174.9
265.161,7,1174.9
265.195,7,1174.8
265.228,7,1174.8
265.261,7,1174.7
265.295,7,1174.7
265.328,7,1174.7
265.361,7,1174.7
265.395,7,1174.6
265.428,7,1174.6
265.461,7,1174.5
265.495,7,1174.5
265.528,7,1174.5
265.561,7,1174.5
265.595,7,1174.4
265.628,7,1174.4
265.661,7,1174.4
265.695,7,1174.3
265.728,7,1174.3
265.761,7,1174.3
265.795,7,1174.2
265.828,7,1174.2
265.861,7,1174.2
265.895,7,1174.1
265.928,7,1174.1
265.961,7,1174.1
265.995,7,1174
266.028,7,1174
266.061,7,1174
266.095,7,1173.9
266.128,7,1173.9
266.161,7,1173.9
266.195,7,1173.9
266.228,7,1173.8
266.261,7,1173.7
266.295,7,1173.7
266.328,7,1173.7
266.361,7,1173.7
266.395,7,1173.7
266.428,7,1173.6
266.461,7,1173.6
266.495,7,1173.6
266.528,7,1173.6
266.561,7,1173.5
266.595,7,1173.5
266.628,7,1173.4
266.661,7,1173.3
266.695,7,1173.3
266.728,7,1173.3
266.761,7,1173.3
266.795,7,1173.3
266.828,7,1173.2
266.861,7,1173.1
266.895,7,1173.1
266.928,7,1173.2
266.961,7,1173
266.995,7,1173
267.028,7,1173
267.061,7,1173
267.095,7,1173
267.128,7,1172.9
267.161,7,1172.8
267.195,7,1172.8
267.228,7,1172.8
267.261,7,1172.8
267.295,7,1172.8
267.328,7,1172.7
267.361,7,1172.7
267.395,7,1172.7
267.428,7,1172.7
267.461,7,1172.7
267.495,7,1172.6
267.528,7,1172.5
267.561,7,1172.5
267.595,7,1172.4
267.628,7,1172.4
267.661,7,1172.4
267.695,7,1172.3
267.728,7,1172.3
267.761,7,1172.3
267.795,7,1172.3
267.828,7,1172.1
267.861,7,1172.1
267.895,7,1172.1
267.928,7,1172.1
267.961,7,1172.1
267.995,7,1172.1
268.028,7,1172
268.061,7,1172
268.095,7,1172
268.128,7,1171.9
268.161,7,1171.9
268.195,7,1171.9
268.228,7,1171.8
268.261,7,1171.8
268.295,7,1171.8
268.328,7,1171.7
268.361,7,1171.7
268.395,7,1171.7
268.428,7,1171.7
268.461,7,1171.6
268.495,7,1171.6
268.528,7,1171.6
268.561,7,1171.5
268.595,7,1171.5
268.628,7,1171.5
268.661,7,1171.4
268.695,7,1171.4
268.728,7,1171.4
268.761,7,1171.4
268.795,7,1171.2
268.828,7,1171.2
268.861,7,1171.2
268.895,7,1171.2
268.928,7,1171.2
268.961,7,1171.1
268.995,7,1171.1
269.028,7,1171.1
269.061,7,1171
269.095,7,1171
269.128,7,1171
269.161,7,1170.9
269.195,7,1170.9
269.228,7,1170.9
269.261,7,1170.8
269.295,7,1170.8
269.328,7,1170.8
269.361,7,1170.8
269.395,7,1170.6
269.428,7,1170.6
269.461,7,1170.6
269.495,7,1170.6
269.528,7,1170.6
269.561,7,1170.5
269.595,7,1170.5
269.628,7,1170.5
269.661,7,1170.5
269.695,7,1170.5
269.728,7,1170.4
269.761,7,1170.3
269.795,7,1170.3
269.828,7,1170.3
269.861,7,1170.2
269.895,7,1170.2
269.928,7,1170.1
269.961,7,1170.1
269.995,7,1170.1
270.028,7,1170.1
270.061,7,1170
270.095,7,1170
270.128,7,1169.9
270.161,7,1169.9
270.195,7,1169.9
270.228,7,1169.8
270.261,7,1169.8
270.295,7,1169.8
270.328,7,1169.7
270.361,7,1169.7
270.395,7,1169.7
270.428,7,1169.7
270.461,7,1169.6
270.495,7,1169.6
270.528,7,1169.6
270.561,7,1169.6
270.595,7,1169.5
270.628,5.035,1169.4
270.661,2.702,1169.4
270.695,0.369,1169.4
270.728,0,1169.4
270.761,0,1169.4
270.795,0,1169.3
270.828,0,1169.3
270.861,0,1169.3
270.895,0,1169.3
270.928,0,1169.4
270.961,0,1169.4
270.995,0,1169.3
271.028,0,1169.4
271.061,0,1169.4
271.095,0,1169.4
271.128,0,1169.3
271.161,0,1169.3
271.195,0,1169.3
271.228,0,1169.3
271.261,0,1169.3
271.295,0,1169.2
271.328,0,1169.2
271.361,0,1169.2
271.395,0,1169.2
271.428,0,1169.2
271.461,0,1169.2
271.495,0,1169.3
271.528,0,1169.3
271.561,0,1169.3
271.595,0,1169.3
271.628,0,1169.3
271.661,0,1169.3
271.695,0,1169.3
271.728,0,1169.3
271.761,0,1169.3
271.795,0,1169.3
271.828,0,1169.3
271.861,0,1169.3
271.895,0,1169.3
271.928,0,1169.3
271.961,0,1169.3
271.995,0,1169.3
272.028,0,1169.3
272.061,0,1169.3
272.095,0,1169.3
272.128,0,1169.3
272.161,0,1169.3
272.195,0,1169.3
272.228,0,1169.3
272.261,0,1169.2
272.295,0,1169.3
272.328,0,1169.3
272.361,0,1169.3
272.395,0,1169.3
272.428,0,1169.3
272.461,0,1169.3
272.495,0,1169.3
272.528,0,1169.3
272.561,0,1169.3
272.595,0,1169.3
272.628,0,1169.3
272.661,0,1169.2
272.695,0,1169.2
272.728,0,1169.3
272.761,0,1169.3
272.795,0,1169.3
272.828,0,1169.3
272.861,0,1169.3
272.895,0,1169.3
272.928,0,1169.3
272.961,0,1169.3
272.995,0,1169.3
273.028,0,1169.3
273.062,0,1169.2
273.095,0,1169.2
273.128,0,1169.3
273.161,0,1169.3
273.195,0,1169.3
273.228,0,1169.3
273.261,0,1169.3
273.295,0,1169.3
273.328,0,1169.2
273.362,0,1169.3
273.395,0,1169.3
273.428,0,1169.3
273.462,0,1169.3
273.495,0,1169.3
273.528,0,1169.3
273.562,0,1169.3
273.595,0,1169.3
273.628,0,1169.2
273.662,0,1169.2
273.695,0,1169.2
273.728,0,1169.2
273.762,0,1169.2
273.795,0,1169.2
273.828,0,1169.3
273.862,0,1169.3
273.895,0,1169.3
273.928,0,1169.3
273.962,0,1169.3
273.995,0,1169.2
274.028,0,1169.3
274.062,0,1169.3
274.095,0,1169.3
274.128,0,1169.3
274.162,0,1169.3
274.195,0,1169.2
274.228,0,1169.3
274.262,0,1169.3
274.295,0,1169.3
274.328,0,1169.3
274.362,0,1169.3
274.395,0,1169.3
274.428,0,1169.2
274.462,0,1169.2
274.495,0,1169.2
274.528,0,1169.2
274.562,0,1169.2
274.595,0,1169.2
274.628,0,1169.2
274.662,0,1169.2
274.695,0,1169.2
274.728,0,1169.2
274.762,0,1169.2
274.795,0,1169.2
274.828,0,1169.2
274.862,0,1169.2
274.895,0,1169.3
274.928,0,1169.3
274.962,0,1169.3
274.995,0,1169.2
275.028,0,1169.2
275.062,0,1169.2
275.095,0,1169.2
275.128,0,1169.2
275.162,0,1169.3
275.195,0,1169.3
275.228,0,1169.3
275.262,0,1169.2
275.295,0,1169.2
275.328,0,1169.2
275.362,0,1169.2
275.395,0,1169.2
275.428,0,1169.2
275.462,0,1169.2
275.495,0,1169.2
275.528,0,1169.2
275.562,0,1169.2
275.595,0,1169.2
275.628,0,1169.2
275.662,0,1169.2
275.695,0,1169.2
275.728,0,1169.2
275.762,0,1169.2
275.795,0,1169.3
275.828,0,1169.3
275.862,0,1169.2
275.895,0,1169.2
275.928,0,1169.2
275.962,0,1169.2
275.995,0,1169.2
276.028,0,1169.2
276.062,0,1169.2
276.095,0,1169.2
276.128,0,1169.2
276.162,0,1169.2
276.195,0,1169.2
276.228,0,1169.2
276.262,0,1169.2
276.295,0,1169.2
276.328,0,1169.2
276.362,0,1169.2
276.395,0,1169.2
276.428,0,1169.2
276.462,0,1169.2
276.495,0,1169.2
276.528,0,1169.2
276.562,0,1169.2
276.595,0,1169.2
276.628,0,1169.2
276.662,0,1169.2
276.695,0,1169.2
276.728,0,1169.2
276.762,0,1169.2
276.795,0,1169.2
276.828,0,1169.3
276.862,0,1169.2
276.895,0,1169.2
276.928,0,1169.2
276.962,0,1169.2
276.995,0,1169.2
277.028,0,1169.2
277.062,0,1169.2
277.095,0,1169.2
277.128,0,1169.2
277.162,0,1169.2
277.195,0,1169.2
277.228,0,1169.2
277.262,0,1169.2
277.295,0,1169.2
277.328,0,1169.2
277.362,0,1169.2
277.395,0,1169.2
277.428,0,1169.2
277.462,0,1169.2
277.495,0,1169.2
277.528,0,1169.2
277.562,0,1169.2
277.595,0,1169.2
277.628,0,1169.2
277.662,0,1169.2
277.695,0,1169.2
277.728,0,1169.2
277.762,0,1169.2
277.795,0,1169.2
277.828,0,1169.2
277.862,0,1169.2
277.895,0,1169.2
277.928,0,1169.2
277.962,0,1169.2
277.995,0,1169.2
278.028,0,1169.2
278.062,0,1169.2
278.095,0,1169.2
278.128,0,1169.2
278.162,0,1169.2
278.195,0,1169.2
278.228,0,1169.2
278.262,0,1169.2
278.295,0,1169.2
278.329,0,1169.2
278.362,0,1169.2
279.995,0,1169.1
280.029,0,1169.1
280.062,0,1169.1
280.095,0,1169.1
280.129,0,1169.2
280.162,0,1169.2
280.195,0,1169.2
280.229,0,1169.1
280.262,0,1169.1
280.295,0,1169.2
280.329,0,1169.1
280.362,0,1169.1
280.395,0,1169.1
280.429,0,1169.1
280.462,0,1169.1
280.495,0,1169.2
280.529,0,1169.2
280.562,0,1169.2
280.595,0,1169.2
280.629,0,1169.2
280.662,0,1169.2
280.695,0,1169.2
280.729,2.567,1169.2
280.762,5.584,1169.2
280.795,8.58,1169.2
280.829,9,1169.2
280.862,9,1169.2
280.895,9,1169.1
280.929,9,1169
280.962,9,1169
280.995,9,1169
281.029,9,1168.9
281.062,9,1168.9
281.095,9,1168.9
281.129,9,1168.8
281.162,9,1168.8
281.195,9,1168.7
281.229,9,1168.7
281.262,9,1168.7
281.295,9,1168.6
281.329,9,1168.6
281.362,9,1168.5
281.395,9,1168.5
281.429,9,1168.5
281.462,9,1168.4
281.495,9,1168.3
281.528,9,1168.3
281.562,9,1168.3
281.595,9,1168.2
281.629,9,1168.2
281.662,9,1168.2
281.695,9,1168.1
281.729,9,1168.1
281.762,9,1168
281.795,9,1168
281.829,9,1168
281.862,9,1168
281.895,9,1167.8
281.929,9,1167.8
281.962,9,1167.8
281.995,9,1167.7
282.029,9,1167.7
282.062,9,1167.7
282.095,9,1167.6
282.129,9,1167.6
282.162,9,1167.5
282.195,9,1167.4
282.229,9,1167.4
282.262,9,1167.4
282.295,9,0
282.329,9,1167.4
282.362,9,1167.3
282.395,9,1167.3
282.429,9,1167.2
282.462,9,1167.1
282.495,9,1167.1
282.529,9,1167.1
282.562,9,1167
282.595,9,1167
282.629,9,1167
282.662,9,1166.9
282.695,9,1166.9
282.729,9,1166.9
282.762,9,1166.7
282.795,9,1166.7
282.829,9,1166.7
282.862,9,1166.7
282.895,9,1166.7
282.929,9,1166.6
282.962,9,1166.5
282.995,9,1166.5
283.029,9,1166.5
283.062,9,1166.4
283.095,9,1166.4
283.129,9,1166.3
283.162,9,1166.3
283.195,9,1166.3
283.229,9,1166.2
283.262,9,1166.1
283.295,9,1166.1
283.329,9,1166.1
283.362,9,1166
283.395,9,1166
283.429,9,1166
283.462,9,1166
283.495,9,1165.9
283.529,9,1165.8
283.562,9,1165.8
283.595,9,1165.8
283.629,9,1165.7
283.662,9,1165.7
283.695,9,1165.6
283.729,9,1165.6
283.762,9,1165.6
283.795,9,1165.5
283.829,9,1165.5
283.862,9,1165.5
283.895,9,1165.5
283.929,9,1165.3
283.962,9,1165.3
283.995,9,1165.3
284.029,9,1165.1
284.062,9,1165.1
284.095,9,1165.1
284.129,9,1165
284.162,9,1165
284.195,9,1165
284.229,9,1164.9
284.262,9,1164.9
284.295,9,1164.9
284.329,9,1164.8
284.362,9,1164.8
284.395,9,1164.8
284.429,9,1164.7
284.462,9,1164.7
284.495,9,1164.6
284.529,9,1164.6
284.562,9,1164.6
284.595,9,1164.5
284.629,9,1164.5
284.662,9,1164.5
284.695,9,1164.4
284.729,9,1164.4
284.762,9,1164.4
284.795,9,1164.2
284.829,9,1164.2
284.862,9,1164.2
284.895,9,1164.1
284.929,9,1164.1
284.962,9,1164.1
284.995,9,1164
285.029,9,1164
285.062,9,1163.9
285.095,9,1163.9
285.129,9,1163.9
285.162,9,1163.8
285.195,9,1163.7
285.229,9,1163.7
285.262,9,1163.7
285.296,9,1163.7
285.329,9,1163.7
285.362,9,1163.6
285.395,9,1163.6
285.429,9,1163.6
285.462,9,1163.5
285.495,9,1163.4
285.529,9,1163.4
285.562,9,1163.4
285.595,9,1163.4
285.629,9,1163.3
285.662,9,1163.3
285.696,9,1163.3
285.729,9,1163.1
285.762,9,1163.1
285.795,9,1163.1
285.829,9,1163.1
285.862,9,1163
285.895,9,1163
285.929,9,1162.8
285.962,9,1162.8
285.996,9,1162.8
286.029,9,1162.7
286.062,9,1162.7
286.096,9,1162.7
286.129,9,1162.6
286.162,9,1162.5
286.195,9,1162.5
286.229,9,1162.5
286.262,9,1162.4
286.295,9,1162.4
286.329,9,1162.4
286.362,9,1162.3
286.395,9,1162.3
286.429,9,1162.2
286.462,9,1162.2
286.495,9,1162.2
286.529,9,1162.1
286.562,9,1162.1
286.596,9,1162.1
286.629,9,1162
286.662,9,1162
286.695,9,1161.9
286.729,9,1161.9
286.762,9,1161.9
286.796,9,1161.8
286.829,9,1161.7
286.862,9,1161.7
286.896,9,1161.7
286.929,9,1161.6
286.962,9,1161.6
286.995,9,1161.6
287.029,9,1161.6
287.062,9,1161.6
287.095,9,1161.5
287.129,9,1161.4
287.162,9,1161.4
287.195,9,1161.3
287.229,9,1161.3
287.262,9,1161.3
287.296,9,1161.3
287.329,9,1161.2
287.362,9,1161.2
287.395,9,1161.1
287.429,9,1161
287.462,9,1161
287.496,9,1160.9
287.529,9,1160.9
287.562,9,1160.9
287.595,9,1160.8
287.629,9,1160.8
287.662,9,1160.8
287.695,9,1160.7
287.729,9,1160.7
287.762,9,1160.7
287.796,9,1160.7
287.829,9,1160.7
287.862,9,1160.5
287.896,9,1160.4
287.929,9,1160.4
287.962,9,1160.4
287.995,9,1160.3
288.029,9,1160.3
288.062,9,1160.2
288.095,9,1160.2
288.129,9,1160.2
288.162,9,1160.1
288.196,9,1160.1
288.229,9,1160.1
288.262,9,1160
288.296,9,1160
288.329,9,1160
288.362,9,1159.9
288.396,9,1159.8
288.429,9,1159.8
288.462,9,1159.8
288.495,9,1159.7
288.529,9,1159.7
288.562,9,1159.6
288.596,9,1159.6
288.629,9,1159.6
288.662,9,1159.5
288.696,9,1159.5
288.729,9,1159.5
288.762,9,1159.4
288.795,9,1159.4
288.829,9,1159.3
288.862,9,1159.2
288.896,9,1159.2
288.929,9,1159.2
288.962,9,1159.1
288.996,9,1159.1
289.029,9,1159.1
289.062,9,1159
289.095,9,1159
289.129,9,1159
289.162,9,1158.9
289.196,9,1158.9
289.229,9,1158.8
289.262,9,1158.8
289.296,9,1158.8
289.329,9,1158.7
289.362,9,1158.6
289.396,9,1158.6
289.429,9,1158.6
289.462,9,1158.5
289.496,9,1158.5
289.529,9,1158.5
289.562,9,1158.4
289.596,9,1158.4
289.629,9,1158.3
289.662,9,1158.2
289.695,9,1158.2
289.729,9,1158.2
289.762,9,1158.2
289.795,9,1158.2
289.829,9,1158.1
289.862,9,1158.1
289.895,9,1158
289.929,9,1158
289.962,9,1158
289.996,9,1157.9
290.029,9,1157.8
290.062,9,1157.8
290.096,9,1157.8
290.129,9,1157.7
290.162,9,1157.7
290.196,9,1157.7
290.229,9,1157.6
290.262,9,1157.6
290.296,9,1157.6
290.329,9,1157.5
290.362,9,1157.5
290.396,9,1157.4
290.429,9,1157.4
290.462,9,1157.4
290.496,9,1157.3
290.529,9,1157.2
290.562,9,1157.2
290.596,9,1157.1
290.629,9,1157.1
290.662,9,1157.1
290.695,9,1157
290.729,9,1157
290.762,9,1157
290.796,9,1156.9
290.829,9,1156.9
290.862,9,1156.9
290.896,9,1156.8
290.929,9,1156.8
290.962,9,1156.7
290.996,9,1156.7
291.029,9,1156.7
291.062,9,1156.6
291.096,9,1156.5
291.129,9,1156.5
291.162,9,1156.4
291.196,9,1156.4
291.229,9,1156.4
291.262,9,1156.4
291.296,9,1156.3
291.329,9,1156.3
291.362,9,1156.2
291.396,9,1156.2
291.429,9,1156.2
291.462,9,1156.1
291.496,9,1156.1
291.529,9,1156.1
291.562,9,1156
291.596,9,1155.9
291.629,9,1155.9
291.662,9,1155.9
291.696,9,1155.8
291.729,9,1155.8
291.762,9,1155.8
291.796,9,1155.6
291.829,9,1155.6
291.862,9,1155.6
291.896,9,1155.5
291.929,9,1155.5
291.962,9,1155.5
291.996,9,1155.5
292.029,9,1155.4
292.062,9,1155.4
292.096,9,1155.4
292.129,9,1155.3
292.162,9,1155.2
292.196,9,1155.2
292.229,9,1155.1
292.262,9,1155.1
292.296,9,1155.1
292.329,9,1155.1
292.362,9,1155
292.396,9,1155
292.429,9,1154.9
292.462,9,1154.9
292.496,9,1154.9
292.529,9,1154.8
292.562,9,1154.7
292.596,9,1154.7
292.629,9,1154.6
292.662,9,1154.6
292.696,9,1154.6
292.729,9,1154.5
292.762,9,1154.5
292.796,9,1154.5
292.829,9,1154.4
292.862,9,1154.4
292.896,9,1154.4
292.929,9,1154.3
292.962,9,1154.3
292.996,9,1154.3
293.029,9,1154.1
293.062,9,1154
293.096,9,1154
293.129,9,1154
293.162,9,1154
293.196,9,1154
293.229,9,1153.9
293.262,9,1153.9
293.296,9,1153.9
293.329,9,1153.8
293.362,9,1153.8
293.396,9,1153.7
293.429,9,1153.7
293.463,9,1153.7
293.496,9,1153.6
293.529,9,1153.6
293.562,9,1153.6
293.596,9,1153.4
293.629,9,1153.4
293.662,9,1153.4
293.696,9,1153.4
293.729,9,1153.3
293.762,9,1153.3
293.796,9,1153.3
293.829,9,1153.2
293.862,9,1153.2
293.896,9,1153.1
293.929,9,1153
293.962,9,1153
293.996,9,1153
294.029,9,1152.9
294.062,9,1152.9
294.096,9,1152.9
294.129,9,1152.8
294.162,9,1152.8
294.196,9,1152.7
294.229,9,1152.7
294.262,9,1152.7
294.296,9,1152.6
294.329,9,1152.6
294.362,9,1152.6
294.396,9,1152.5
294.429,9,1152.5
294.462,9,1152.4
294.496,9,1152.3
294.529,9,1152.3
294.562,9,1152.3
294.596,9,1152.2
294.629,9,1152.2
294.662,9,1152.2
294.696,9,1152.1
294.729,9,1152.1
294.763,9,1152.1
294.796,9,1151.9
294.829,9,1151.9
294.863,9,1151.9
294.896,9,1151.8
294.929,9,1151.8
294.962,9,1151.8
294.996,9,1151.7
295.029,9,1151.7
295.062,9,1151.7
295.096,9,1151.6
295.129,9,1151.6
295.162,9,1151.5
295.196,9,1151.5
295.229,9,1151.5
295.263,9,1151.5
295.296,9,1151.5
295.329,9,1151.3
295.362,9,1151.3
295.396,9,1151.3
295.429,9,1151.2
295.463,9,1151.2
295.496,9,1151.2
295.529,9,1151.1
295.563,9,1151
295.596,9,1151
295.629,9,1151
295.662,9,1150.9
295.696,9,1150.9
295.729,9,1150.9
295.763,9,1150.7
295.796,9,1150.7
295.829,9,1150.7
295.863,9,1150.7
295.896,9,1150.7
295.929,9,1150.6
295.962,9,1150.6
295.996,9,1150.6
296.029,9,1150.4
296.062,9,1150.4
296.096,9,1150.4
296.129,9,1150.3
296.162,9,1150.4
296.196,9,1150.4
296.229,9,1150.2
296.262,9,1150.2
296.296,9,1150.2
296.329,9,1150.1
296.362,9,1150.1
296.396,9,1150.1
296.429,9,1150.1
296.462,9,1150.1
296.496,9,1149.9
296.529,9,1149.8
296.563,9,1149.8
296.596,9,1149.8
296.629,9,1149.7
296.662,9,1149.7
296.696,9,1149.7
296.729,9,1149.6
296.762,9,1149.6
296.796,9,1149.6
296.829,9,1149.5
296.863,9,1149.5
296.896,9,1149.4
296.929,9,1149.4
296.962,9,1149.4
296.996,9,1149.3
297.029,9,1149.3
297.063,9,1149.3
297.096,9,1149.2
297.129,9,1149.1
297.162,9,1149.1
297.196,9,1149
297.229,9,1149
297.262,9,1149
297.296,9,1148.9
297.329,9,1148.8
297.362,9,1148.8
297.396,9,1148.8
297.429,9,1148.8
297.462,9,1148.8
297.496,9,1148.7
297.529,9,1148.7
297.563,9,1148.6
297.596,9,1148.5
297.629,9,1148.5
297.663,9,1148.5
297.696,9,1148.4
297.729,9,1148.4
297.763,9,1148.4
297.796,9,1148.3
297.829,9,1148.3
297.862,9,1148.2
297.896,9,1148.1
297.929,9,1148.1
297.962,9,1148.1
297.996,9,1148.1
298.029,9,1148.1
298.063,9,1148
298.096,9,1148
298.129,9,1148
298.162,9,1147.9
298.196,9,1147.8
298.229,9,1147.8
298.263,9,1147.7
298.296,9,1147.7
298.329,9,1147.7
298.363,9,1147.6
298.396,9,1147.5
298.429,9,1147.5
298.463,9,1147.5
298.496,9,1147.5
298.529,9,1147.4
298.563,9,1147.3
298.596,9,1147.3
298.629,9,1147.3
298.663,9,1147.3
298.696,9,1147.3
298.729,9,1147.2
298.763,9,1147.2
298.796,9,1147.2
298.829,9,1147
298.862,9,1147
298.896,9,1147
298.929,9,1146.9
298.963,9,1146.9
298.996,9,1146.9
299.029,9,1146.8
299.062,9,1146.7
299.096,9,1146.7
299.129,9,1146.6
299.162,9,1146.6
299.196,9,1146.6
299.229,9,1146.5
299.262,9,1146.5
299.296,9,1146.5
299.329,9,1146.4
299.363,9,1146.4
299.396,9,1146.4
299.429,9,1146.3
299.462,9,1146.2
299.496,9,1146.2
299.529,9,1146.2
299.563,9,1146.2
299.596,9,1146.1
299.629,9,1146.1
299.663,9,1146.1
299.696,9,1146
299.729,9,1145.9
299.763,9,1145.9
299.796,9,1145.8
299.829,9,1145.8
299.863,9,1145.8
299.896,9,1145.7
299.929,9,1145.6
299.963,9,1145.6
299.996,9,1145.6
300.029,9,1145.5
300.062,9,1145.5
300.096,9,1145.5
300.129,9,1145.4
300.163,9,1145.4
300.196,9,1145.3
300.229,9,1145.3
300.263,9,1145.3
300.296,9,1145.2
300.329,9,1145.2
300.363,9,1145.2
300.396,9,1145.1
300.429,9,1145
300.463,9,1145
300.496,9,1145
300.529,9,1144.9
300.563,9,1144.9
300.596,9,1144.9
300.629,9,1144.9
300.663,9,1144.8
300.696,9,1144.7
300.729,9,1144.7
300.763,9,1144.7
300.796,9,1144.6
300.829,9,1144.6
300.863,9,1144.6
300.896,9,1144.5
300.929,9,1144.5
300.963,9,1144.4
300.996,9,1144.4
301.029,9,1144.4
301.063,9,1144.3
301.096,9,1144.3
301.129,9,1144.3
301.163,9,1144.1
301.196,9,1144.1
301.229,9,1144.1
301.263,9,1144
301.296,9,1144
301.329,9,1144
301.363,9,1144
301.396,9,1143.8
301.429,9,1143.8
301.463,9,1143.8
301.496,9,1143.7
301.529,9,1143.7
301.563,9,1143.7
301.596,9,1143.5
301.629,9,1143.5
301.663,9,1143.5
301.696,9,1143.5
301.729,9,1143.4
301.763,9,1143.4
301.796,9,1143.4
301.829,9,1143.3
301.863,9,1143.2
301.896,9,1143.2
301.929,9,1143.2
301.963,9,1143.2
301.996,9,1143.2
302.029,9,1143.1
302.063,9,1143
302.096,9,1143
302.129,9,1142.9
302.163,9,1142.8
302.196,9,1142.8
302.229,9,1142.8
302.263,9,1142.8
302.296,9,1142.8
302.329,9,1142.7
302.363,9,1142.7
302.396,9,1142.7
302.429,9,1142.5
302.463,9,1142.5
302.496,9,1142.5
302.529,9,1142.4
302.563,9,1142.4
302.596,9,1142.4
302.629,9,1142.3
302.663,9,1142.2
302.696,9,1142.2
302.729,9,1142.2
302.763,9,1142.2
302.796,9,1142.1
302.829,9,1142.1
302.863,9,1142.1
302.896,9,1142
302.929,9,1142
302.963,9,1142
302.996,9,1141.8
303.029,9,1141.8
303.063,9,1141.8
303.096,9,1141.8
303.129,9,1141.7
303.163,9,1141.7
303.196,9,1141.6
303.229,9,1141.6
303.263,9,1141.6
303.296,9,1141.5
303.329,9,1141.5
303.363,9,1141.5
303.396,9,1141.4
303.429,9,1141.4
303.463,9,1141.4
303.496,9,1141.3
303.529,9,1141.2
303.563,9,1141.2
303.596,9,1141.1
303.629,9,1141.1
303.663,9,1141.1
303.696,9,1141.1
303.729,9,1141
303.763,9,1141
303.796,9,1140.9
303.83,9,1140.9
303.863,9,1140.8
303.896,9,1140.7
303.929,9,1140.7
303.963,9,1140.7
303.996,9,1140.7
304.029,9,1140.7
304.063,9,1140.6
304.096,9,1140.5
304.129,9,1140.5
304.163,9,1140.4
304.196,9,1140.4
304.229,9,1140.4
304.263,9,1140.3
304.296,9,1140.3
304.329,9,1140.3
304.363,9,1140.2
304.396,9,1140.1
304.43,9,1140.1
304.463,9,1140.1
304.496,9,1140
304.529,9,1140
304.563,9,1140
304.596,9,1139.9
304.629,9,1139.9
304.663,9,1139.9
304.696,9,1139.8
304.73,9,1139.8
304.763,9,1139.7
304.796,9,1139.7
304.829,9,1139.7
304.863,9,1139.6
304.896,9,0
304.929,9,1139.5
304.963,9,1139.5
304.996,9,1139.5
305.029,9,1139.5
305.063,9,1139.3
305.096,9,1139.3
305.129,9,1139.3
305.163,9,1139.2
305.196,9,1139.2
305.229,9,1139.2
305.263,9,1139
305.296,9,1139
305.329,9,1139
305.363,9,1138.9
305.396,9,1138.9
305.429,9,1138.9
305.463,9,1138.8
305.496,9,1138.8
305.529,9,1138.8
305.563,9,1138.7
305.596,9,1138.7
305.63,9,1138.6
305.663,9,1138.6
305.696,9,1138.6
305.729,9,1138.5
305.763,9,1138.5
305.796,9,1138.5
305.829,9,1138.4
305.863,9,1138.3
305.896,9,1138.3
305.929,9,1138.3
305.963,9,1138.2
305.996,9,1138.2
306.03,9,1138.1
306.063,9,1138.1
306.096,9,1138
306.13,9,1138
306.163,9,1138
306.196,9,1137.9
306.229,9,1137.9
306.263,9,1137.9
306.296,9,1137.8
306.329,9,1137.7
306.363,9,1137.7
306.396,9,1137.7
306.429,9,1137.6
306.463,9,1137.6
306.496,9,1137.6
306.53,9,1137.5
306.563,9,1137.5
306.596,9,1137.4
306.629,9,1137.3
306.663,9,1137.3
306.696,9,1137.3
306.729,9,1137.2
306.763,9,1137.2
306.796,9,1137.1
306.829,9,1137.1
306.863,9,1137.1
306.896,9,1137.1
306.929,9,1137
306.963,9,1137
306.996,9,1136.9
307.03,9,1136.9
307.063,9,1136.9
307.096,9,1136.8
307.129,9,1136.8
307.163,9,1136.7
307.196,9,1136.6
307.23,9,1136.6
307.263,9,1136.6
307.296,9,1136.6
307.33,9,1136.6
307.363,9,1136.5
307.396,9,1136.4
307.43,9,1136.4
307.463,9,1136.4
307.496,9,1136.3
307.53,9,1136.3
307.563,9,1136.2
307.596,9,1136.1
307.63,9,1136.1
307.663,9,1136.1
307.696,9,1136.1
307.729,9,1136.1
307.763,9,1136
307.796,9,1135.9
307.83,9,1135.9
307.863,9,1135.9
307.896,9,1135.8
307.929,9,1135.8
307.963,9,1135.8
307.996,9,1135.7
308.03,9,1135.7
308.063,9,1135.6
308.096,9,1135.5
308.129,9,1135.5
308.163,9,1135.5
308.196,9,1135.5
308.23,9,1135.4
308.263,9,1135.4
308.296,9,1135.4
308.33,9,1135.3
308.363,9,1135.3
308.396,9,1135.3
308.429,9,1135.2
308.463,9,1135.2
308.496,9,1135.2
308.53,9,1135.1
308.563,9,1135.1
308.596,9,1135.1
308.63,9,1135
308.663,9,1134.9
308.696,9,1134.9
308.729,9,1134.8
308.763,9,1134.8
308.796,9,1134.8
308.83,9,1134.8
308.863,9,1134.7
308.896,9,1134.7
308.93,9,1134.6
308.963,9,1134.6
308.996,9,1134.6
309.03,9,1134.5
309.063,9,1134.4
309.096,9,1134.4
309.129,9,1134.3
309.163,9,1134.3
309.196,9,1134.3
309.23,9,1134.2
309.263,9,1134.2
309.296,9,1134.2
309.329,9,1134.1
309.363,9,1134.1
309.396,9,1134
309.43,9,1134
309.463,9,1134
309.496,9,1133.9
309.53,9,1133.9
309.563,9,1133.9
309.596,9,1133.7
309.63,9,1133.7
309.663,9,1133.7
309.696,9,1133.6
309.73,9,1133.6
309.763,9,1133.6
309.796,9,1133.5
309.83,9,1133.5
309.863,9,1133.5
309.896,9,1133.4
309.93,9,1133.4
309.963,9,1133.4
309.996,9,1133.3
310.03,9,1133.3
310.063,9,1133.3
310.096,9,1133.2
310.129,9,1133.1
310.163,9,1133.1
310.196,9,1133.1
310.23,9,1133
310.263,9,1133
310.296,9,1133
310.33,9,1133
310.363,9,1132.9
310.396,9,1132.8
310.43,9,1132.8
310.463,9,1132.7
310.496,9,1132.7
310.53,9,1132.7
310.563,9,1132.7
310.596,9,1132.6
310.63,9,1132.6
310.663,9,1132.5
310.696,9,1132.4
310.73,9,1132.4
310.763,9,1132.4
310.796,9,1132.3
310.83,9,1132.3
310.863,9,1132.2
310.896,9,1132.1
310.93,9,1132.1
310.963,9,1132.1
310.996,9,1132.1
311.03,9,1132.1
311.063,9,1132
311.096,9,1132
311.13,9,1132
311.163,9,1131.9
311.196,9,1131.8
311.23,9,1131.8
311.263,9,1131.8
311.296,9,1131.7
311.33,9,1131.7
311.363,9,1131.7
311.396,9,1131.7
311.43,9,1131.5
311.463,9,1131.5
311.496,9,1131.5
311.53,9,1131.5
311.563,9,1131.4
311.596,9,1131.4
311.63,9,1131.4
311.663,9,1131.3
311.696,9,1131.3
311.73,9,1131.2
311.763,9,1131.2
311.796,9,1131.2
311.83,9,1131.1
311.863,9,1131
311.896,9,1131
311.93,9,1131
311.963,9,1130.9
311.996,9,1130.9
312.03,9,1130.9
312.063,9,1130.8
312.096,9,1130.8
312.13,9,1130.7
312.163,9,1130.7
312.196,9,1130.7
312.23,9,1130.6
312.263,9,1130.5
312.296,9,1130.5
312.33,9,1130.4
312.363,9,1130.4
312.396,9,1130.4
312.43,9,1130.3
312.463,9,1130.3
312.496,9,1130.3
312.53,9,1130.2
312.563,9,1130.2
312.596,9,1130.1
312.63,9,1130.1
312.663,9,1130.1
312.696,9,1130
312.73,9,1130
312.763,9,1130
312.796,9,1129.9
312.83,9,1129.9
312.863,9,1129.9
312.896,9,1129.8
312.93,9,1129.7
312.963,9,1129.7
312.996,9,1129.6
313.03,9,1129.6
313.063,9,1129.6
313.096,9,1129.5
313.13,9,1129.4
313.163,9,1129.4
313.196,9,1129.4
313.23,9,1129.4
313.263,9,1129.4
313.296,9,1129.3
313.33,9,1129.3
313.363,9,1129.3
313.396,9,1129.2
313.43,9,1129.1
313.463,9,1129.1
313.496,9,1129
313.53,9,1129
313.563,9,1129
313.596,9,1128.9
313.63,9,1128.9
313.663,9,1128.8
313.696,9,1128.8
313.73,9,1128.8
313.763,9,1128.7
313.796,9,1128.6
313.83,9,1128.6
313.863,9,1128.6
313.896,9,1128.5
313.93,9,1128.5
313.963,9,1128.5
313.997,9,1128.5
314.03,9,1128.5
314.063,9,1128.4
314.096,9,1128.3
314.13,9,1128.3
314.163,9,1128.2
314.196,9,1128.2
314.23,9,1128.2
314.263,9,1128
314.296,9,1128
314.33,9,1128
314.363,9,1127.9
314.396,9,1127.9
314.43,9,1127.9
314.463,9,1127.9
314.496,9,1127.8
314.53,9,1127.8
314.563,9,1127.8
314.596,9,1127.8
314.63,9,1127.6
314.663,9,1127.7
314.696,9,1127.7
314.73,9,1127.6
314.763,9,1127.5
314.796,9,1127.5
314.83,9,1127.4
314.863,9,1127.4
314.897,9,1127.4
314.93,9,1127.3
314.963,9,1127.2
314.996,9,1127.2
315.03,9,1127.2
315.063,9,1127.1
315.096,9,1127.1
315.13,9,1127
315.163,9,1127
315.196,9,1127
315.23,9,1126.9
315.263,9,1126.8
315.297,9,1126.8
315.33,9,1126.9
315.363,9,1126.7
315.396,9,1126.7
315.43,9,1126.7
315.463,9,1126.6
315.496,9,1126.6
315.53,9,1126.5
315.563,9,1126.4
315.596,9,1126.4
315.63,9,1126.5
315.663,9,1126.5
315.696,9,1126.4
315.73,9,1126.3
315.763,9,1126.3
315.796,9,1126.3
315.83,9,1126.2
315.863,9,1126.2
315.896,9,1126.1
315.93,9,1126.1
315.963,9,1126.1
315.996,9,1126
316.03,9,1125.9
316.063,9,1125.9
316.096,9,1125.9
316.13,9,1125.8
316.163,9,1125.8
316.196,9,1125.7
316.23,9,1125.7
316.263,9,1125.7
316.296,9,1125.6
316.33,9,1125.4
316.363,9,1125.4
316.396,9,1125.5
316.43,9,1125.4
316.463,9,1125.4
316.497,9,1125.4
316.53,9,1125.3
316.563,9,1125.3
316.596,9,1125.3
316.63,9,1125.2
316.663,9,1125.2
316.696,9,1125.1
316.73,9,1125
316.763,9,1125
316.796,9,1125
316.83,9,1125
316.863,9,1124.9
316.896,9,1124.9
316.93,9,1124.9
316.963,9,1124.8
316.996,9,1124.7
317.03,9,1124.7
317.063,9,1124.7
317.096,9,1124.6
317.13,9,1124.6
317.163,9,1124.6
317.196,9,1124.5
317.23,9,1124.5
317.263,9,1124.4
317.297,9,1124.4
317.33,9,1124.4
317.363,9,1124.3
317.397,9,1124.3
317.43,9,1124.3
317.463,9,1124.2
317.497,9,1124.1
317.53,9,1124.1
317.563,9,1124.1
317.596,9,1124
317.63,9,1124
317.663,9,1123.9
317.696,9,1123.8
317.73,9,1123.8
317.763,9,1123.8
317.796,9,1123.7
317.83,9,1123.7
317.863,9,1123.7
317.896,9,1123.7
317.93,9,1123.6
317.963,9,1123.5
317.996,9,1123.5
318.03,9,1123.5
318.063,9,1123.4
318.096,9,1123.4
318.13,9,1123.4
318.163,9,1123.3
318.196,9,1123.3
318.23,9,1123.2
318.263,9,1123.2
318.297,9,1123.2
318.33,9,1123.1
318.363,9,1123.1
318.396,9,1123.1
318.43,9,1123
318.463,9,1122.9
318.497,9,1122.9
318.53,9,1122.8
318.563,9,1122.8
318.597,9,1122.8
318.63,9,1122.7
318.663,9,1122.7
318.696,9,1122.7
318.73,9,1122.6
318.763,9,1122.6
318.797,9,1122.6
318.83,9,1122.5
318.863,9,1122.5
318.897,9,1122.5
318.93,9,1122.3
318.963,9,1122.3
318.997,9,1122.3
319.03,9,1122.2
319.063,9,1122.2
319.097,9,1122.2
319.13,9,1122.1
319.163,9,1122.1
319.197,9,1122.1
319.23,9,1122
319.263,9,1122
319.297,9,1122
319.33,9,1121.8
319.363,9,1121.8
319.396,9,1121.8
319.43,9,1121.8
319.463,9,1121.8
319.497,9,1121.7
319.53,9,1121.6
319.563,9,1121.6
319.597,9,1121.5
319.63,9,1121.5
319.663,9,1121.5
319.696,9,1121.5
319.73,9,1121.4
319.763,9,1121.4
319.797,9,1121.3
319.83,9,1121.2
319.863,9,1121.2
319.897,9,1121.1
319.93,9,1121.1
319.963,9,1121.1
319.996,9,1121
320.03,9,1121
320.063,9,1120.9
320.096,9,1120.9
320.13,9,1120.9
320.163,9,1120.8
320.196,9,1120.8
320.23,9,1120.8
320.263,9,1120.7
320.297,9,1120.6
320.33,9,1120.6
320.363,9,1120.6
320.397,9,1120.5
320.43,9,1120.5
320.463,9,1120.5
320.497,9,1120.5
320.53,9,1120.5
320.563,9,1120.3
320.597,9,1120.3
320.63,9,1120.3
320.663,9,1120.3
320.697,9,1120.1
320.73,9,1120.1
320.763,9,1120.1
320.797,9,1120
320.83,9,1120
320.863,9,1119.9
320.897,9,1119.9
320.93,9,1119.9
320.963,9,1119.8
320.997,9,1119.7
321.03,9,1119.7
321.063,9,1119.8
321.097,9,1119.8
321.13,9,1119.6
321.163,9,1119.6
321.197,9,1119.6
321.23,9,1119.5
321.263,9,1119.4
321.297,9,1119.4
321.33,9,1119.4
321.363,9,1119.3
321.397,9,1119.3
321.43,9,1119.3
321.463,9,1119.2
321.497,9,1119.2
321.53,9,1119.1
321.563,9,1119.1
321.597,9,1119.1
321.63,9,1119
321.663,9,1119
321.697,9,1119
321.73,9,1118.8
321.763,9,1118.8
321.797,9,1118.8
321.83,9,1118.7
321.863,9,1118.7
321.897,9,1118.7
321.93,9,1118.7
321.963,9,1118.5
321.997,9,1118.5
322.03,9,1118.5
322.063,9,1118.5
322.097,9,1118.5
322.13,9,1118.4
322.163,9,1118.4
322.197,9,1118.3
322.23,9,1118.2
322.263,9,1118.2
322.297,9,1118.2
322.33,9,1118.2
322.363,9,1118.2
322.397,9,1118.1
322.43,9,1118.1
322.463,9,1118.1
322.497,9,1117.9
322.53,9,1117.9
322.563,9,1117.9
322.597,9,1117.8
322.63,9,1117.8
322.663,9,1117.8
322.697,9,1117.7
322.73,9,1117.7
322.763,9,1117.7
322.797,9,1117.6
322.83,9,1117.5
322.863,9,1117.5
322.897,9,1117.4
322.93,9,1117.4
322.963,9,1117.4
322.997,9,1117.3
323.03,9,1117.3
323.063,9,1117.3
323.097,9,1117.3
323.13,9,1117.1
323.163,9,1117.1
323.197,9,1117.1
323.23,9,1117.1
323.263,9,1117
323.297,9,1117
323.33,9,1117
323.363,9,1116.9
323.397,9,1116.9
323.43,9,1116.9
323.463,9,1116.8
323.497,9,1116.7
323.53,9,1116.7
323.563,9,1116.7
323.597,9,1116.6
323.63,9,1116.6
323.663,9,1116.6
323.697,9,1116.4
323.73,9,1116.4
323.763,9,1116.4
323.797,9,1116.3
323.83,9,1116.3
323.863,9,1116.2
323.897,9,1116.2
323.93,9,1116.2
323.963,9,1116.1
323.997,9,1116.1
324.03,9,1116.1
324.063,9,1116.1
324.097,9,1115.9
324.13,9,1115.9
324.163,9,1115.9
324.197,9,1115.8
324.23,9,1115.8
324.263,9,1115.8
324.297,9,1115.8
324.33,9,1115.8
324.363,9,1115.6
324.397,9,1115.6
324.43,9,1115.6
324.463,9,1115.5
324.497,9,1115.5
324.53,9,1115.4
324.563,9,1115.4
324.597,9,1115.4
324.63,9,1115.3
324.663,9,1115.3
324.697,9,1115.3
324.73,9,1115.2
324.763,9,1115.2
324.797,9,1115.2
324.83,9,1115.1
324.863,9,1115.1
324.897,9,1115.1
324.93,9,1114.9
324.963,9,1114.9
324.997,9,1114.9
325.03,9,1114.8
325.063,9,1114.7
325.097,9,1114.7
325.13,9,1114.7
325.163,9,1114.6
325.197,9,1114.6
325.23,9,1114.6
325.263,9,1114.5
325.297,9,1114.5
325.33,9,1114.4
325.363,9,1114.4
325.397,9,1114.4
325.43,9,1114.3
325.463,9,1114.3
325.497,9,1114.3
325.53,9,1114.2
325.563,9,1114.2
325.597,9,1114.2
325.63,9,1114.1
325.664,9,1114.1
325.697,9,1114
325.73,9,1114
325.763,9,1114
325.797,9,1113.9
325.83,9,1113.8
325.863,9,1113.8
325.897,9,1113.8
325.93,9,1113.7
325.963,9,1113.7
325.997,9,1113.7
326.03,9,1113.6
326.063,9,1113.6
326.097,9,1113.5
326.13,9,1113.5
326.163,9,1113.5
326.197,9,1113.4
326.23,9,1113.3
326.263,9,1113.3
326.297,9,1113.2
326.33,9,1113.1
326.363,9,1113.1
326.397,9,1113
326.43,9,1113
326.463,9,1113.1
326.497,9,1112.9
326.53,9,1112.9
326.563,9,1112.9
326.597,9,1112.8
326.63,9,1112.8
326.664,9,1112.8
326.697,9,1112.7
326.73,9,1112.7
326.763,9,1112.7
326.797,9,1112.6
326.83,9,1112.6
326.863,9,1112.5
326.897,9,1112.5
326.93,9,1112.5
326.963,9,1112.4
326.997,9,1112.4
327.03,9,1112.4
327.063,9,1112.4
327.097,9,1112.2
327.13,9,1112.2
327.164,9,1112.2
327.197,9,1112.1
327.23,9,1112.1
327.264,9,1112.1
327.297,9,1112.1
327.33,9,1112.1
327.363,9,1112
327.397,9,1111.9
327.43,9,1111.9
327.464,9,1111.8
327.497,9,1111.8
327.53,9,1111.8
327.563,9,1111.6
327.597,9,1111.6
327.63,9,1111.6
327.664,9,1111.6
327.697,9,1111.6
327.73,9,1111.5
327.763,9,1111.5
327.797,9,1111.5
327.83,9,1111.4
327.864,9,1111.4
327.897,9,1111.4
327.93,9,1111.3
327.964,9,1111.2
327.997,9,1111.2
328.03,9,1111.2
328.063,9,1111.1
328.097,9,1111.1
328.13,9,1111.1
328.164,9,1111
328.197,9,1111
328.23,9,1110.9
328.263,9,1110.8
328.297,9,1110.8
328.33,9,1110.8
328.363,9,1110.7
328.397,9,1110.7
328.43,9,1110.7
328.464,9,1110.6
328.497,9,1110.6
328.53,9,1110.6
328.563,9,1110.6
328.597,9,1110.5
328.63,9,1110.5
328.663,9,1110.5
328.697,9,1110.3
328.73,9,1110.3
328.763,9,1110.3
328.797,9,1110.2
328.83,9,1110.2
328.863,9,1110.2
328.897,9,1110.1
328.93,9,1110
328.964,9,1110
328.997,9,1110
329.03,9,1109.9
329.064,9,1109.9
329.097,9,1109.9
329.13,9,1109.8
329.164,9,1109.8
329.197,9,1109.7
329.23,9,1109.6
329.263,9,1109.6
329.297,9,1109.6
329.33,9,1109.5
329.364,9,1109.5
329.397,9,1109.5
329.43,9,1109.4
329.463,9,1109.4
329.497,9,1109.3
329.53,9,1109.3
329.563,9,1109.3
329.597,9,1109.2
329.63,9,1109.1
329.664,9,1109.1
329.697,9,1109.1
329.73,9,1109.1
329.763,9,1109
329.797,9,1109
329.83,9,1109
329.864,9,1108.9
329.897,9,1108.8
329.93,9,1108.8
329.963,9,1108.8
329.997,9,1108.7
330.03,9,1108.7
330.064,9,1108.7
330.097,9,1108.6
330.13,9,1108.6
330.163,9,1108.6
330.197,9,1108.5
330.23,9,1108.5
330.264,9,1108.4
330.297,9,1108.4
330.33,9,1108.4
330.363,9,1108.4
330.397,9,1108.3
330.43,9,1108.3
330.464,9,1108.1
330.497,9,1108.2
330.53,9,1108.2
330.564,9,1108.1
330.597,9,1108
330.63,9,1108
330.664,9,1108
330.697,9,1107.8
330.73,9,1107.8
330.764,9,1107.8
330.797,9,1107.8
330.83,9,1107.7
330.864,9,1107.7
330.897,9,1107.7
330.93,9,1107.7
330.964,9,1107.5
330.997,9,1107.5
331.03,9,1107.4
331.064,9,1107.4
331.097,9,1107.4
331.13,9,1107.4
331.164,9,1107.3
331.197,9,1107.3
331.23,9,1107.3
331.263,9,1107.2
331.297,9,1107.2
331.33,9,1107.1
331.364,9,1107.1
331.397,9,1107.1
331.43,9,1107
331.464,9,1106.9
331.497,9,1106.9
331.53,9,1106.9
331.564,9,1106.8
331.597,9,1106.8
331.63,9,1106.7
331.664,9,1106.7
331.697,9,1106.7
331.73,9,1106.7
331.764,9,1106.5
331.797,9,1106.5
331.83,9,1106.5
331.864,9,1106.5
331.897,9,1106.5
331.93,9,1106.4
331.964,9,1106.4
331.997,9,1106.3
332.03,9,1106.2
332.064,9,1106.2
332.097,9,1106.2
332.13,9,1106.2
332.164,9,1106.2
332.197,9,1106.1
332.23,9,1106.1
332.264,9,1106.1
332.297,9,1106
332.33,9,1105.9
332.364,9,1105.9
332.397,9,1105.8
332.43,9,1105.8
332.464,9,1105.8
332.497,9,1105.7
332.53,9,1105.7
332.564,9,1105.7
332.597,9,1105.6
332.63,9,1105.6
332.664,9,1105.6
332.697,9,1105.5
332.73,9,1105.4
332.764,9,1105.4
332.797,9,1105.3
332.83,9,1105.3
332.864,9,1105.3
332.897,9,1105.2
332.93,9,1105.2
332.964,9,1105.1
332.997,9,1105.2
333.03,9,1105.2
333.064,9,1105
333.097,9,1105
333.13,9,1105
333.164,9,1104.9
333.197,9,1104.9
333.23,9,1104.9
333.264,9,1104.8
333.297,9,1104.7
333.33,9,1104.7
333.364,9,1104.7
333.397,9,1104.6
333.43,9,1104.6
333.464,9,1104.6
333.497,9,1104.4
333.53,9,1104.4
333.564,9,1104.4
333.597,9,1104.4
333.63,9,1104.4
333.664,9,1104.3
333.697,9,1104.2
333.73,9,1104.2
333.764,9,1104.2
333.797,9,1104.1
333.83,9,1104.1
333.864,9,1104.1
333.897,9,1104
333.93,9,1104
333.964,9,1103.9
333.997,9,1103.9
334.03,9,1103.9
334.064,9,1103.8
334.097,9,1103.8
334.13,9,1103.8
334.164,9,1103.7
334.197,9,1103.7
334.23,9,1103.7
334.264,9,1103.6
334.297,9,1103.6
334.33,9,1103.5
334.364,9,1103.5
334.397,9,1103.5
334.43,9,1103.4
334.464,9,1103.4
334.497,9,1103.4
334.53,9,1103.3
334.564,9,1103.2
334.597,9,1103.2
334.63,9,1103.2
334.664,9,1103.1
334.697,9,1103.1
334.73,9,1103.1
334.764,9,1103
334.797,9,1103
334.83,9,1102.8
334.864,9,1102.8
334.897,9,1102.8
334.93,9,1102.8
334.964,9,1102.7
334.997,9,1102.7
335.03,9,1102.6
335.064,9,1102.6
335.097,9,1102.6
335.13,9,1102.5
335.164,9,1102.5
335.197,9,1102.5
335.23,9,1102.4
335.264,9,1102.4
335.297,9,1102.3
335.33,9,1102.2
335.364,9,1102.2
335.397,9,1102.2
335.43,9,1102.1
335.464,9,1102.1
335.497,9,1102.1
335.53,9,1102.1
335.564,9,1102.1
335.597,9,1101.9
335.63,9,1101.9
335.664,9,1101.9
335.697,9,1101.9
335.73,9,1101.8
335.764,9,1101.8
335.797,9,1101.7
335.83,9,1101.6
335.864,9,1101.6
335.897,9,1101.6
335.93,9,1101.5
335.964,9,1101.5
335.997,9,1101.5
336.03,9,1101.4
336.064,9,1101.4
336.097,9,1101.3
336.13,9,1101.3
336.164,9,1101.3
336.197,9,1101.2
336.23,9,1101.2
336.264,9,1101.1
336.297,9,1101.1
336.33,9,1101.1
336.364,9,1101
336.397,9,1101
336.43,9,1101
336.464,9,1100.9
336.497,9,1100.9
336.53,9,1100.9
336.564,9,1100.8
336.597,9,1100.7
336.631,9,1100.7
336.664,9,1100.7
336.697,9,1100.6
336.73,9,1100.6
336.764,9,1100.6
336.797,9,1100.5
336.83,9,1100.5
336.864,9,1100.4
336.897,9,1100.3
336.93,9,1100.3
336.964,9,1100.3
336.997,9,1100.2
337.031,9,1100.2
337.064,9,1100.1
337.097,9,1100
337.13,9,1100
337.164,9,1100
337.197,9,1100
337.23,9,1100
337.264,9,1099.9
337.297,9,1099.9
337.33,9,1099.8
337.364,9,1099.8
337.397,9,1099.8
337.43,9,1099.7
337.464,9,1099.6
337.497,9,1099.6
337.53,9,1099.6
337.564,9,1099.6
337.597,9,1099.6
337.63,9,1099.4
337.664,9,1099.4
337.697,9,1099.4
337.73,9,1099.3
337.764,9,1099.3
337.797,9,1099.3
337.83,9,1099.2
337.864,9,1099.1
337.897,9,1099.1
337.93,9,1099
337.964,9,1099
337.997,9,1099
338.03,9,1098.9
338.064,9,1098.9
338.097,9,1098.9
338.13,9,1098.8
338.164,9,1098.7
338.197,9,1098.7
338.23,9,1098.8
338.264,9,1098.8
338.297,9,1098.7
338.331,9,1098.5
338.364,9,1098.5
338.397,9,1098.5
338.43,9,1098.5
338.464,9,1098.5
338.497,9,1098.4
338.53,9,1098.4
338.564,9,1098.4
338.597,9,1098.3
338.631,9,1098.2
338.664,9,1098.2
338.697,9,1098.2
338.73,9,1098.1
338.764,9,1098.1
338.797,9,1098
338.83,9,1098
338.864,9,1098
338.897,9,1097.9
338.931,9,1097.8
338.964,9,1097.8
338.997,9,1097.8
339.03,9,1097.7
339.064,9,1097.7
339.097,9,1097.7
339.13,9,1097.5
339.164,9,1097.5
339.197,9,1097.5
339.23,9,1097.5
339.264,9,1097.5
339.297,9,1097.4
339.33,9,1097.4
339.364,9,1097.3
339.397,9,1097.3
339.43,9,1097.3
339.464,9,1097.2
339.497,9,1097.1
339.53,9,1097.1
339.564,9,1097.1
339.597,9,1097
339.63,9,1097
339.664,9,1097
339.697,9,1096.9
339.73,9,1096.9
339.764,9,1096.8
339.797,9,1096.7
339.83,9,1096.7
339.864,9,1096.7
339.897,9,1096.6
339.93,9,1096.6
339.964,9,1096.6
339.997,9,1096.5
340.03,9,1096.5
340.064,9,1096.5
340.097,9,1096.4
340.131,9,1096.4
340.164,9,1096.3
340.197,9,1096.3
340.23,9,1096.3
340.264,9,1096.3
340.297,9,1096.2
340.331,9,1096.2
340.364,9,1096.1
340.397,9,1096.1
340.431,9,1096
340.464,9,1095.9
340.497,9,1095.9
340.53,9,1095.8
340.564,9,1095.9
340.597,9,1095.9
340.631,9,1095.7
340.664,9,1095.7
340.697,9,1095.7
340.73,9,1095.6
340.764,9,1095.6
340.797,9,1095.6
340.831,6.251,1095.5
340.864,3.257,1095.5
340.897,0.259,1095.5
340.931,0,1095.4
340.964,0,1095.4
340.997,0,1095.4
341.031,0,1095.4
341.064,0,1095.4
341.097,0,1095.4
341.13,0,1095.4
341.164,0,1095.4
341.197,0,1095.4
341.231,0,1095.3
341.264,0,1095.4
341.297,0,1095.4
341.331,0,1095.4
341.364,0,1095.4
341.397,0,1095.4
341.43,0,1095.4
341.464,0,1095.4
341.497,0,1095.4
341.53,0,1095.4
341.564,0,1095.4
341.597,0,1095.4
341.63,0,1095.4
341.664,0,1095.4
341.697,0,1095.4
341.731,0,1095.4
341.764,0,1095.4
341.797,0,1095.4
341.831,0,1095.4
341.864,0,1095.4
341.897,0,1095.4
341.93,0,1095.4
341.964,0,1095.4
341.997,0,1095.3
342.03,0,1095.3
342.064,0,1095.3
342.097,0,1095.3
342.131,0,1095.3
342.164,0,1095.3
342.197,0,1095.3
342.23,0,1095.4
342.264,0,1095.4
342.297,0,1095.3
342.331,0,1095.3
342.364,0,1095.3
342.397,0,1095.3
342.431,0,1095.4
342.464,0,1095.4
342.497,0,1095.4
342.531,0,1095.4
342.564,0,1095.4
342.597,0,1095.4
342.631,0,1095.4
342.664,0,1095.4
342.697,0,1095.4
342.73,0,1095.4
342.764,0,1095.4
342.797,0,1095.4
342.831,0,1095.4
342.864,0,1095.3
342.897,0,1095.3
342.931,0,1095.3
342.964,0,1095.3
342.997,0,1095.4
343.03,0,1095.4
343.064,0,1095.3
343.097,0,1095.3
343.131,0,1095.3
343.164,0,1095.3
343.197,0,1095.4
343.23,0,1095.4
343.264,0,1095.4
343.297,0,1095.4
343.331,0,1095.4
343.364,0,1095.4
343.397,0,1095.4
343.431,0,1095.4
343.464,0,1095.3
343.497,0,1095.3
343.53,0,1095.3
343.564,0,1095.3
343.597,0,1095.3
343.631,0,1095.4
343.664,0,1095.4
343.697,0,1095.4
343.731,0,1095.4
343.764,0,1095.3
343.797,0,1095.3
343.831,0,1095.3
343.864,0,1095.4
343.897,0,1095.4
343.931,0,1095.4
343.964,0,1095.4
343.997,0,1095.4
344.031,0,1095.4
344.064,0,1095.3
344.097,0,1095.3
344.131,0,1095.3
344.164,0,1095.3
344.197,0,1095.3
344.231,0,1095.3
344.264,0,1095.3
344.297,0,1095.3
344.331,0,1095.3
344.364,0,1095.3
344.397,0,1095.3
344.431,0,1095.3
344.464,0,1095.3
344.497,0,1095.3
344.531,0,1095.3
344.564,0,1095.3
344.597,0,1095.3
344.631,0,1095.3
344.664,0,1095.3
344.697,0,1095.3
344.731,0,1095.3
344.764,0,1095.3
344.797,0,1095.4
344.831,0,1095.4
344.864,0,1095.4
344.897,0,1095.4
344.93,0,1095.4
344.964,0,1095.4
344.997,0,1095.4
345.031,0,1095.3
345.064,0,1095.3
345.097,0,1095.3
345.131,0,1095.3
345.164,0,1095.3
345.197,0,1095.3
345.231,0,1095.3
345.264,0,1095.3
345.297,0,1095.3
345.331,0,1095.3
345.364,0,1095.3
345.397,0,1095.3
345.431,0,1095.3
345.464,0,1095.3
345.497,0,1095.4
345.531,0,1095.4
345.564,0,1095.4
345.597,0,1095.3
345.631,0,1095.3
345.664,0,1095.3
345.697,0,1095.3
345.731,0,1095.3
345.764,0,1095.3
345.797,0,1095.3
345.831,0,1095.3
345.864,0,1095.4
345.897,0,1095.3
345.931,0,1095.3
345.964,0,1095.3
345.997,0,1095.3
346.031,0,1095.3
346.064,0,1095.3
346.097,0,1095.3
346.131,0,1095.3
346.164,0,1095.3
346.197,0,1095.3
346.231,0,1095.3
346.264,0,1095.3
346.297,0,1095.3
346.331,0,1095.3
346.364,0,1095.4
346.397,0,1095.3
346.431,0,1095.3
346.464,0,1095.3
346.497,0,1095.3
346.531,0,1095.3
346.564,0,1095.3
346.597,0,1095.3
346.631,0,1095.3
346.664,0,1095.3
346.697,0,1095.3
346.731,0,1095.3
346.764,0,1095.3
346.797,0,1095.3
346.831,0,1095.3
346.864,0,1095.3
346.897,0,1095.3
346.931,0,1095.4
346.964,0,1095.3
346.997,0,1095.3
347.031,0,1095.3
347.064,0,1095.3
347.097,0,1095.3
347.131,0,1095.3
347.164,0,1095.3
347.197,0,1095.3
347.231,0,1095.3
347.264,0,1095.3
347.297,0,1095.3
347.331,0,1095.3
347.364,0,1095.3
347.397,0,1095.3
347.431,0,1095.4
347.464,0,1095.3
347.497,0,1095.3
347.531,0,1095.3
347.564,0,1095.3
347.597,0,1095.3
347.631,0,1095.3
347.664,0,1095.3
347.697,0,1095.3
347.731,0,1095.3
347.764,0,1095.3
347.797,0,1095.3
347.831,0,1095.4
347.864,0,1095.4
347.897,0,1095.4
347.931,0,1095.4
347.964,0,1095.4
347.997,0,1095.4
348.031,0,1095.3
348.064,0,1095.3
348.097,0,1095.3
348.131,0,1095.4
348.164,0,1095.4
348.198,0,1095.4
348.231,0,1095.4
348.264,0,1095.4
348.297,0,1095.4
348.331,0,1095.3
348.364,0,1095.3
348.397,0,1095.4
348.431,0,1095.4
348.464,0,1095.4
348.497,0,1095.4
348.531,0,1095.4
348.564,0,1095.4
348.597,0,1095.4
348.631,0,1095.4
348.664,0,1095.4
348.697,0,1095.4
348.731,0,1095.4
348.764,0,1095.4
348.797,0,1095.3
348.831,0,1095.3
348.864,0,1095.3
348.897,0,1095.4
348.931,0,1095.3
348.964,0,1095.3
348.997,0,1095.3
349.031,0,1095.3
349.064,0,1095.4
349.097,0,1095.4
349.131,0,1095.4
349.164,0,1095.4
349.197,0,1095.4
349.231,0,1095.4
349.264,0,1095.4
349.297,0,1095.4
349.331,0,1095.4
349.364,0,1095.4
349.397,0,1095.4
349.431,0,1095.4
349.464,0,1095.4
349.497,0,1095.4
349.531,0,1095.4
349.564,0,1095.4
349.598,0,1095.4
349.631,0,1095.4
349.664,0,1095.4
349.697,0,1095.4
349.731,0,1095.4
349.764,0,1095.4
349.797,0,1095.4
349.831,0,1095.4
349.864,0,1095.4
349.897,0,1095.4
349.931,0,1095.4
349.964,0,1095.4
349.997,0,1095.4
350.031,0,1095.4
350.064,0,1095.4
350.097,0,1095.4
350.131,0,1095.4
350.164,0,1095.3
350.198,0,1095.3
350.231,0,1095.4
350.264,0,1095.4
350.298,0,1095.4
350.331,0,1095.4
350.364,0,1095.4
350.397,0,1095.4
350.431,0,1095.4
350.464,0,1095.4
350.497,0,1095.4
350.531,0,1095.4
350.564,0,1095.4
350.598,0,1095.4
350.631,0,1095.4
350.664,0,1095.4
350.697,0,1095.4
350.731,0,1095.4
350.764,0,1095.4
350.797,0,1095.4
350.831,0,1095.4
350.864,0,1095.4
350.897,0,1095.4
350.931,4.6,1095.4
350.964,9.621,1095.4
350.997,14.61,1095.4
351.031,15,1095.4
351.064,15,1095.3
351.098,15,1095.3
351.131,15,1095.3
351.164,15,1095.3
351.197,15,1095.1
351.231,15,1095
351.264,15,1095
351.297,15,1094.9
351.331,15,1094.9
351.364,15,1094.9
351.397,15,1094.7
351.431,15,1094.6
351.464,15,1094.6
351.498,15,1094.5
351.531,15,1094.5
351.564,15,1094.5
351.598,15,1094.4
351.631,15,1094.2
351.664,15,1094.2
351.698,15,1094.1
351.731,15,1094
351.764,15,1094
351.797,15,1093.9
351.831,15,1093.8
351.864,15,1093.8
351.898,15,1093.7
351.931,15,1093.7
351.964,15,1093.7
351.998,15,1093.5
352.031,15,1093.4
352.064,15,1093.4
352.097,15,1093.3
352.131,15,1093.2
352.164,15,1093.2
352.197,15,1093.1
352.231,15,1093.1
352.264,15,1093
352.298,15,1092.9
352.331,15,1092.9
352.364,15,1092.8
352.398,15,1092.7
352.431,15,1092.7
352.464,15,1092.6
352.497,15,1092.5
352.531,15,1092.5
352.564,15,1092.4
352.598,15,1092.3
352.631,15,1092.3
352.664,15,1092.3
352.698,15,1092.2
352.731,15,1092.2
352.764,15,1092
352.798,15,1092
352.831,15,1092
352.864,15,1091.9
352.898,15,1091.8
352.931,15,1091.8
352.964,15,1091.6
352.997,15,1091.5
353.031,15,1091.5
353.064,15,1091.4
353.097,15,1091.4
353.131,15,1091.4
353.164,15,1091.2
353.197,15,1091.1
353.231,15,1091.1
353.264,15,1091
353.298,15,1091
353.331,15,1090.9
353.364,15,1090.8
353.397,15,1090.8
353.431,15,1090.7
353.464,15,1090.6
353.498,15,1090.6
353.531,15,1090.6
353.564,15,1090.5
353.598,15,1090.5
353.631,15,1090.4
353.664,15,1090.2
353.698,15,1090.2
353.731,15,1090.1
353.764,15,1090
353.798,15,1090
353.831,15,1090
353.864,15,1089.8
353.898,15,1089.8
353.931,15,1089.8
353.964,15,1089.6
353.998,15,1089.6
354.031,15,1089.6
354.064,15,1089.5
354.098,15,1089.5
354.131,15,1089.3
354.164,15,1089.2
354.197,15,1089.2
354.231,15,1089.1
354.264,15,1089.1
354.298,15,1089.1
354.331,15,1089
354.364,15,1089
354.397,15,1088.8
354.431,15,1088.8
354.464,15,1088.8
354.497,15,1088.6
354.531,15,1088.5
354.564,15,1088.5
354.598,15,1088.5
354.631,15,1088.4
354.664,15,1088.4
354.697,15,1088.3
354.731,15,1088.2
354.764,15,1088.2
354.798,15,1088
354.831,15,1088
354.864,15,1088
354.897,15,1087.8
354.931,15,1087.8
354.964,15,1087.8
354.997,15,1087.7
355.031,15,1087.5
355.064,15,1087.5
355.097,15,1087.4
355.131,15,1087.3
355.164,15,1087.3
355.198,15,1087.3
355.231,15,1087.1
355.264,15,1087.1
355.298,15,1087
355.331,15,1087
355.364,15,1087
355.398,15,1086.8
355.431,15,1086.8
355.464,15,1086.8
355.497,15,1086.7
355.531,15,1086.7
355.564,15,1086.6
355.598,15,1086.5
355.631,15,1086.5
355.664,15,1086.4
355.697,15,1086.2
355.731,15,1086.2
355.764,15,1086.2
355.798,15,1086.1
355.831,15,1086.1
355.864,15,1085.9
355.898,15,1085.8
355.931,15,1085.8
355.964,15,1085.8
355.998,15,1085.7
356.031,15,1085.7
356.064,15,1085.5
356.098,15,1085.4
356.131,15,1085.4
356.164,15,1085.4
356.197,15,1085.3
356.231,15,1085.3
356.264,15,1085.2
356.298,15,1085.1
356.331,15,1085.1
356.364,15,1085
356.398,15,1084.8
356.431,15,1084.8
356.464,15,1084.7
356.498,15,1084.7
356.531,15,1084.6
356.564,15,1084.6
356.598,15,1084.6
356.631,15,1084.5
356.664,15,1084.3
356.698,15,1084.3
356.731,15,1084.3
356.764,15,1084.1
356.797,15,1084.1
356.831,15,1084.1
356.864,15,1084
356.898,15,1084
356.931,15,1083.9
356.964,15,1083.7
356.998,15,1083.7
357.031,15,1083.7
357.064,15,1083.6
357.098,15,1083.6
357.131,15,1083.5
357.164,15,1083.4
357.198,15,1083.4
357.231,15,1083.2
357.264,15,1083.2
357.298,15,1083.2
357.331,15,1083
357.364,15,1082.9
357.398,15,1082.9
357.431,15,1082.9
357.464,15,1082.8
357.497,15,1082.8
357.531,15,1082.7
357.564,15,0
357.598,15,1082.6
357.631,15,1082.5
357.664,15,1082.5
357.698,15,1082.4
357.731,15,1082.2
357.764,15,1082.2
357.798,15,1082.2
357.831,15,1082
357.864,15,1082
357.898,15,1081.9
357.931,15,1081.8
357.964,15,1081.8
357.998,15,1081.8
358.031,15,1081.6
358.064,15,1081.6
358.098,15,1081.7
358.131,15,1081.4
358.164,15,1081.4
358.198,15,1081.4
358.231,15,1081.2
358.264,15,1081.2
358.298,15,1081.2
358.331,15,1081
358.364,15,1081
358.398,15,1080.9
358.431,15,1080.9
358.464,15,1080.9
358.498,15,1080.7
358.531,15,1080.7
358.564,15,1080.7
358.598,15,1080.6
358.631,15,1080.6
358.664,15,1080.5
358.698,15,1080.3
358.731,15,1080.3
358.764,15,1080.2
358.798,15,1080.2
358.831,15,1080.2
358.864,15,1080
358.898,15,1080
358.931,15,1080
358.964,15,1079.9
358.998,15,1079.8
359.031,15,1079.8
359.064,15,1079.7
359.098,15,1079.6
359.131,15,1079.6
359.164,15,1079.5
359.198,15,1079.3
359.231,15,1079.3
359.264,15,1079.3
359.298,15,1079.2
359.331,15,1079.2
359.364,15,1079
359.398,15,1079
359.431,15,1079
359.464,15,1078.9
359.498,15,1078.7
359.531,15,1078.7
359.564,15,1078.7
359.598,15,1078.6
359.631,15,1078.6
359.664,15,1078.5
359.698,15,1078.5
359.731,15,1078.3
359.764,15,1078.3
359.798,15,1078.3
359.831,15,1078.2
359.864,15,1078.1
359.898,15,1078.1
359.931,15,1077.9
359.964,15,1077.9
359.998,15,1077.9
360.031,15,1077.8
360.064,15,1077.7
360.098,15,1077.7
360.131,15,1077.6
360.164,15,1077.4
360.198,15,1077.4
360.231,15,1077.4
360.264,15,1077.3
360.298,15,1077.3
360.331,15,1077.2
360.364,15,1077.1
360.398,15,1077.1
360.431,15,1077
360.464,15,1076.9
360.498,15,1076.9
360.531,15,1076.8
360.564,15,1076.6
360.598,15,1076.6
360.631,15,1076.6
360.664,15,1076.5
360.698,15,1076.5
360.731,15,1076.4
360.764,15,1076.3
360.798,15,1076.3
360.831,15,1076.2
360.864,15,1076.2
360.898,15,1076
360.931,15,1076
360.964,15,1076
360.998,15,1075.9
361.031,15,1075.8
361.064,15,1075.8
361.098,15,1075.7
361.131,15,1075.6
361.164,15,1075.6
361.198,15,1075.5
361.231,15,1075.4
361.264,15,1075.4
361.298,15,1075.3
361.331,15,1075.2
361.364,15,1075.2
361.398,15,1075.1
361.431,15,1075
361.464,15,1075
361.498,15,1074.9
361.531,15,1074.8
361.564,15,1074.8
361.598,15,1074.7
361.631,15,1074.6
361.664,15,1074.6
361.698,15,1074.5
361.731,15,1074.4
361.765,15,1074.4
361.798,15,1074.3
361.831,15,1074.2
361.864,15,1074.2
361.898,15,1074.1
361.931,15,1074.1
361.964,15,1074
361.998,15,1074
362.031,15,1074
362.064,15,1073.7
362.098,15,1073.6
362.131,15,1073.6
362.164,15,1073.5
362.198,15,1073.5
362.231,15,1073.5
362.264,15,1073.4
362.298,15,1073.3
362.331,15,1073.3
362.364,15,1073.2
362.398,15,1073.1
362.431,15,1073.1
362.464,15,1072.9
362.498,15,1072.9
362.531,15,1072.9
362.564,15,1072.8
362.598,15,1072.7
362.631,15,1072.7
362.664,15,1072.5
362.698,15,1072.5
362.731,15,1072.5
362.764,15,1072.4
362.798,15,1072.3
362.831,15,1072.3
362.864,15,1072.2
362.898,15,1072
362.931,15,1072
362.964,15,1072
362.998,15,1072
363.031,15,1071.9
363.065,15,1071.7
363.098,15,1071.7
363.131,15,1071.7
363.164,15,1071.5
363.198,15,1071.5
363.231,15,1071.5
363.264,15,1071.3
363.298,15,1071.3
363.331,15,1071.3
363.364,15,1071.2
363.398,15,1071.2
363.431,15,1071.1
363.464,15,1070.9
363.498,15,1070.9
363.531,15,1071
363.564,15,1070.8
363.598,15,1070.8
363.631,15,1070.6
363.664,15,1070.6
363.698,15,1070.6
363.731,15,1070.5
363.765,15,1070.4
363.798,15,1070.4
363.831,15,1070.3
363.864,15,1070.2
363.898,15,1070.2
363.931,15,1070.1
363.965,15,1069.9
363.998,15,1069.9
364.031,15,1069.9
364.065,15,1069.9
364.098,15,1069.8
364.131,15,1069.7
364.164,15,1069.7
364.198,15,1069.5
364.231,15,1069.4
364.264,15,1069.4
364.298,15,1069.4
364.331,15,1069.3
364.364,15,1069.3
364.398,15,1069.2
364.431,15,1069
364.464,15,1069
364.498,15,1069
364.531,15,1068.9
364.564,15,1068.9
364.598,15,1068.8
364.631,15,1068.7
364.665,15,1068.7
364.698,15,1068.5
364.731,15,1068.5
364.764,15,1068.5
364.798,15,1068.4
364.831,15,1068.3
364.865,15,1068.3
364.898,15,1068.1
364.931,15,1068
364.964,15,1068
364.998,15,1068
365.031,15,1067.9
365.065,15,1067.9
365.098,15,1067.7
365.131,15,1067.7
365.164,15,1067.6
365.198,15,1067.6
365.231,15,1067.6
365.264,15,1067.5
365.298,15,1067.4
365.331,15,1067.4
365.365,15,1067.2
365.398,15,1067.1
365.431,15,1067.1
365.464,15,1067
365.498,15,1067
365.531,15,1067
365.565,15,1066.9
365.598,15,1066.8
365.631,15,1066.8
365.665,15,1066.7
365.698,15,1066.6
365.731,15,1066.6
365.765,15,1066.5
365.798,15,1066.3
365.831,15,1066.3
365.865,15,1066.3
365.898,15,1066.1
365.931,15,1066.1
365.965,15,1066
365.998,15,1066
366.031,15,1066
366.065,15,1065.9
366.098,15,1065.7
366.131,15,1065.7
366.164,15,1065.7
366.198,15,1065.7
366.231,15,1065.6
366.265,15,1065.4
366.298,15,1065.4
366.331,15,1065.4
366.365,15,1065.3
366.398,15,1065.3
366.431,15,1065.2
366.465,15,1065.1
366.498,15,1065.1
366.531,15,1065
366.565,15,1064.9
366.598,15,1064.9
366.631,15,1064.8
366.664,15,1064.7
366.698,15,1064.7
366.731,15,1064.5
366.764,15,1064.4
366.798,15,1064.4
366.831,15,1064.4
366.865,15,1064.3
366.898,15,1064.3
366.931,15,1064.2
366.965,15,1064.1
366.998,15,1064.1
367.031,15,1064
367.065,15,1063.9
367.098,15,1063.9
367.131,15,1063.8
367.165,15,1063.6
367.198,15,1063.6
367.231,15,1063.5
367.265,15,1063.5
367.298,15,1063.5
367.331,15,1063.4
367.365,15,1063.4
367.398,15,1063.2
367.431,15,1063.2
367.464,15,1063.2
367.498,15,1063.1
367.531,15,1063
367.564,15,1063
367.598,15,1062.9
367.631,15,1062.8
367.665,15,1062.8
367.698,15,1062.7
367.731,15,1062.5
367.765,15,1062.5
367.798,15,1062.5
367.831,15,1062.3
367.865,15,1062.3
367.898,15,1062.3
367.931,15,1062.2
367.965,15,1062.2
367.998,15,1062.1
368.031,15,1062
368.065,15,1062
368.098,15,1061.9
368.131,15,1061.7
368.164,15,1061.7
368.198,15,1061.7
368.231,15,1061.6
368.264,15,1061.6
368.298,15,1061.5
368.331,15,1061.5
368.365,15,1061.3
368.398,15,1061.3
368.431,15,1061.3
368.465,15,1061.1
368.498,15,1061.1
368.531,15,1061.1
368.565,15,1060.9
368.598,15,1060.9
368.631,15,1060.9
368.665,15,1060.7
368.698,15,1060.7
368.731,15,1060.7
368.765,15,1060.6
368.798,15,1060.5
368.831,15,1060.5
368.864,15,1060.4
368.898,15,1060.3
368.931,15,1060.3
368.965,15,1060.2
368.998,15,1060.1
369.031,15,1060.1
369.065,15,1059.9
369.098,15,1059.9
369.131,15,1059.9
369.165,15,1059.8
369.198,15,1059.7
369.231,15,1059.7
369.264,15,1059.5
369.298,15,1059.5
369.331,15,1059.5
369.365,15,1059.4
369.398,15,1059.4
369.431,15,1059.3
369.465,15,1059.2
369.498,15,1059.2
369.531,15,1059.1
369.564,15,1058.9
369.598,15,1058.9
369.631,15,1058.9
369.665,15,1058.8
369.698,15,1058.8
369.731,15,1058.7
369.764,15,1058.5
369.798,15,1058.5
369.831,15,1058.5
369.865,15,1058.3
369.898,15,1058.3
369.931,15,1058.3
369.965,15,1058.2
369.998,15,1058.2
370.031,15,1058
370.064,15,1057.9
370.098,15,1057.9
370.131,15,1057.9
370.165,15,1057.8
370.198,15,1057.8
370.231,15,1057.7
370.265,15,1057.5
370.298,15,1057.5
370.331,15,1057.5
370.365,15,1057.4
370.398,15,1057.4
370.431,15,1057.3
370.465,15,1057.3
370.498,15,1057.2
370.531,15,1057.1
370.565,15,1057.1
370.598,15,1056.9
370.631,15,1056.9
370.665,15,1056.9
370.698,15,1056.8
370.731,15,1056.6
370.765,15,1056.6
370.798,15,1056.6
370.831,15,1056.5
370.865,15,1056.5
370.898,15,1056.4
370.931,15,1056.3
370.965,15,1056.3
370.998,15,1056.2
371.031,15,1056.1
371.065,15,1056.1
371.098,15,1055.9
371.131,15,1055.9
371.165,15,1055.9
371.198,15,1055.7
371.231,15,1055.7
371.265,15,1055.7
371.298,15,1055.5
371.331,15,1055.5
371.365,15,1055.5
371.398,15,1055.4
371.431,15,1055.3
371.465,15,1055.3
371.498,15,1055.2
371.531,15,1055
371.565,15,1055
371.598,15,1055
371.631,15,1055
371.665,15,1054.8
371.698,15,1054.8
371.731,15,1054.8
371.765,15,1054.7
371.798,15,1054.5
371.831,15,1054.5
371.865,15,1054.5
371.898,15,1054.4
371.931,15,1054.4
371.965,15,1054.3
371.998,15,1054.1
372.031,15,1054.1
372.065,15,1054
372.098,15,1053.9
372.131,15,1053.9
372.165,15,1053.9
372.198,15,1053.8
372.231,15,1053.8
372.265,15,1053.7
372.298,15,1053.5
372.331,15,1053.5
372.365,15,1053.5
372.398,15,1053.4
372.431,15,1053.4
372.465,15,1053.3
372.498,15,1053.2
372.531,15,1053.2
372.565,15,1053
372.598,15,1052.9
372.631,15,1052.9
372.665,15,1052.8
372.698,15,1052.8
372.731,15,1052.7
372.765,15,1052.7
372.798,15,1052.7
372.831,15,1052.5
372.865,15,1052.5
372.898,15,1052.5
372.931,15,1052.3
372.965,15,1052.2
372.998,15,1052.2
373.031,15,1052.2
373.065,15,1052
373.098,15,1052
373.131,15,1051.9
373.165,15,1051.9
373.198,15,1051.9
373.231,15,1051.8
373.265,15,1051.7
373.298,15,1051.7
373.331,15,1051.5
373.365,15,1051.5
373.398,15,1051.5
373.431,15,1051.3
373.465,15,1051.3
373.498,15,1051.3
373.531,15,1051.2
373.565,15,1051.1
373.598,15,1051.1
373.631,15,1051
373.665,15,1050.8
373.698,15,1050.8
373.731,15,1050.8
373.765,15,1050.8
373.798,15,1050.6
373.831,15,1050.6
373.865,15,1050.6
373.898,15,1050.4
373.931,15,1050.4
373.965,15,1050.4
373.998,15,1050.2
374.031,15,1050.1
374.065,15,1050.1
374.098,15,1050
374.131,15,1050
374.165,15,1050
374.198,15,1049.9
374.231,15,1049.7
374.265,15,1049.7
374.298,15,1049.6
374.331,15,1049.6
374.365,15,1049.6
374.398,15,1049.4
374.431,15,1049.4
374.465,15,1049.4
374.498,15,1049.3
374.531,15,1049.1
374.565,15,1049.1
374.598,15,1049.1
374.631,15,1049
374.665,15,1049
374.698,15,1048.9
374.731,15,1048.8
374.765,15,1048.8
374.798,15,1048.7
374.831,15,1048.7
374.865,15,1048.5
374.898,15,1048.5
374.931,15,1048.5
374.965,15,1048.3
374.998,15,1048.3
375.031,15,1048.3
375.065,15,1048.2
375.098,15,1048
375.131,15,1048
375.165,15,1047.9
375.198,15,1047.9
375.231,15,1047.9
375.265,15,1047.7
375.298,15,1047.6
375.331,15,1047.6
375.365,15,1047.5
375.398,15,1047.4
375.431,15,1047.4
375.465,15,1047.4
375.498,15,1047.2
375.531,15,1047.2
375.565,15,1047.1
375.598,15,1047.1
375.631,15,1047.1
375.665,15,1047
375.698,15,1046.9
375.731,15,1046.9
375.765,15,1046.8
375.798,15,1046.6
375.831,15,1046.6
375.865,15,1046.6
375.898,15,1046.6
375.931,15,1046.5
375.965,15,1046.4
375.998,15,1046.4
376.032,15,1046.2
376.065,15,1046.2
376.098,15,1046.2
376.131,15,1046.1
376.165,15,1045.9
376.198,15,1045.9
376.231,15,1045.8
376.265,15,1045.8
376.298,15,1045.8
376.331,15,1045.7
376.365,15,1045.5
376.398,15,1045.5
376.431,15,1045.4
376.465,15,1045.3
376.498,15,1045.3
376.531,15,1045.2
376.565,15,1045.1
376.598,15,1045.1
376.632,15,1045.1
376.665,15,1045
376.698,15,1045
376.731,15,1044.8
376.765,15,1044.7
376.798,15,1044.7
376.831,15,1044.7
376.865,15,1044.6
376.898,15,1044.6
376.931,15,1044.5
376.965,15,1044.5
376.998,15,1044.3
377.031,15,1044.3
377.065,15,1044.3
377.098,15,1044.1
377.131,15,1044.1
377.165,15,1044.1
377.198,15,1044
377.231,15,1043.8
377.265,15,1043.8
377.298,15,1043.8
377.332,15,1043.7
377.365,15,1043.7
377.398,15,1043.6
377.432,15,1043.5
377.465,15,1043.5
377.498,15,1043.4
377.532,15,1043.3
377.565,15,1043.3
377.598,15,1043.2
377.632,15,1043.1
377.665,15,1043.1
377.698,15,1043
377.731,15,1042.8
377.765,15,1042.8
377.798,15,1042.8
377.832,15,1042.7
377.865,15,1042.7
377.898,15,1042.6
377.931,15,1042.4
377.965,15,1042.4
377.998,15,1042.4
378.032,15,1042.4
378.065,15,1042.2
378.098,15,1042.2
378.131,15,1042.2
378.165,15,1042
378.198,15,1042
378.231,15,1042
378.265,15,1041.8
378.298,15,1041.7
378.332,15,1041.7
378.365,15,1041.7
378.398,15,1041.6
378.431,15,1041.6
378.465,15,1041.5
378.498,15,1041.3
378.531,15,1041.3
378.565,15,1041.3
378.598,15,1041.2
378.631,15,1041.2
378.665,15,1041.1
378.698,15,1041
378.731,15,1041
378.765,15,1040.9
378.798,15,1040.8
378.831,15,1040.8
378.865,15,1040.6
378.898,15,1040.6
378.931,15,1040.6
378.965,15,1040.5
378.998,15,1040.4
379.032,15,1040.4
379.065,15,1040.3
379.098,15,1040.3
379.132,15,1040.2
379.165,15,1040
379.198,15,1040
379.231,15,1039.9
379.265,15,1039.8
379.298,15,1039.8
379.331,15,1039.8
379.365,15,1039.7
379.398,15,1039.7
379.432,15,1039.6
379.465,15,1039.5
379.498,15,1039.5
379.532,15,1039.4
379.565,15,1039.3
379.598,15,1039.3
379.632,15,1039.1
379.665,15,1039.1
379.698,15,1039.1
379.731,15,1039
379.765,15,1038.8
379.798,15,1038.8
379.832,15,1038.8
379.865,15,1038.6
379.898,15,1038.6
379.932,15,1038.6
379.965,15,1038.4
379.998,15,1038.4
380.031,15,1038.4
380.065,15,1038.2
380.098,15,1038.2
380.131,15,1038.2
380.165,15,1038.2
380.198,15,1038
380.232,15,1038
380.265,15,1038
380.298,15,1037.9
380.332,15,1037.8
380.365,15,1037.8
380.398,15,1037.6
380.432,15,1037.5
380.465,15,1037.5
380.498,15,1037.5
380.531,15,1037.4
380.565,15,1037.4
380.598,15,1037.3
380.632,15,1037.1
380.665,15,1037.1
380.698,15,1037.1
380.731,15,1036.9
380.765,15,1036.9
380.798,15,1036.9
380.831,15,1036.7
380.865,15,1036.7
380.898,15,1036.7
380.932,15,1036.6
380.965,15,1036.6
380.998,15,1036.5
381.032,15,1036.4
381.065,15,1036.4
381.098,15,1036.3
381.132,15,1036.2
381.165,15,1036.2
381.198,15,1036.1
381.232,15,1036.1
381.265,15,1036
381.298,15,1035.9
381.332,15,1035.9
381.365,15,1035.7
381.398,15,1035.7
381.431,15,1035.7
381.465,15,1035.6
381.498,15,1035.5
381.532,15,1035.5
381.565,15,1035.3
381.598,15,1035.3
381.631,15,1035.3
381.665,15,1035.1
381.698,15,1035.1
381.732,15,1035.1
381.765,15,1034.9
381.798,15,1034.9
381.832,15,1034.9
381.865,15,1034.7
381.898,15,1034.7
381.931,15,1034.7
381.965,15,1034.6
381.998,15,1034.5
382.032,15,1034.5
382.065,15,1034.3
382.098,15,1034.2
382.131,15,1034.2
382.165,15,1034.2
382.198,15,1034.1
382.232,15,1034.1
382.265,15,1034
382.298,15,1034
382.332,15,1033.9
382.365,15,1033.8
382.398,15,1033.8
382.432,15,1033.6
382.465,15,1033.6
382.498,15,1033.6
382.532,15,1033.5
382.565,15,1033.3
382.598,15,1033.3
382.631,15,1033.2
382.665,15,1033.1
382.698,15,1033.1
382.732,15,1033
382.765,15,1033
382.798,15,1033
382.831,15,1032.9
382.865,15,1032.7
382.898,15,1032.7
382.932,15,1032.7
382.965,15,1032.6
382.998,15,1032.6
383.032,15,1032.4
383.065,15,1032.3
383.098,15,1032.3
383.132,15,1032.2
383.165,15,1032.1
383.198,15,1032.1
383.231,15,1032.1
383.265,15,1031.9
383.298,15,1031.9
383.332,15,1031.8
383.365,15,1031.7
383.398,15,1031.7
383.432,15,1031.6
383.465,15,1031.6
383.498,15,1031.5
383.532,15,1031.5
383.565,15,1031.5
383.598,15,1031.3
383.632,15,1031.3
383.665,15,1031.3
383.698,15,1031.1
383.732,15,1031.1
383.765,15,1031.1
383.798,15,1030.9
383.832,15,1030.9
383.865,15,1030.9
383.898,15,1030.8
383.932,15,1030.7
383.965,15,1030.7
383.998,15,1030.5
384.032,15,1030.4
384.065,15,1030.4
384.098,15,1030.3
384.132,15,1030.3
384.165,15,1030.3
384.198,15,1030.2
384.232,15,1030.1
384.265,15,1030.1
384.298,15,1029.9
384.331,15,1029.9
384.365,15,1029.9
384.398,15,1029.7
384.432,15,1029.7
384.465,15,1029.7
384.498,15,1029.6
384.532,15,1029.6
384.565,15,1029.5
384.598,15,1029.4
384.632,15,1029.4
384.665,15,1029.3
384.698,15,1029.1
384.731,15,1029.1
384.765,15,1029
384.798,15,1029
384.832,15,1029
384.865,15,1028.9
384.898,15,1028.8
384.932,15,1028.8
384.965,15,1028.6
384.998,15,1028.6
385.032,15,1028.6
385.065,15,1028.5
385.098,15,1028.3
385.132,15,1028.3
385.165,15,1028.3
385.198,15,1028.1
385.232,15,1028.1
385.265,15,1028
385.298,15,1028
385.332,15,1028
385.365,15,1027.9
385.398,15,1027.7
385.432,15,1027.7
385.465,15,1027.7
385.498,15,1027.6
385.532,15,1027.6
385.565,15,1027.5
385.598,15,1027.5
385.632,15,1027.4
385.665,15,1027.3
385.698,15,1027.3
385.732,15,1027.2
385.765,15,1027
385.798,15,1027
385.832,15,1027
385.865,15,1026.8
385.898,15,1026.8
385.932,15,1026.8
385.965,15,1026.7
385.998,15,1026.7
386.032,15,1026.6
386.065,15,1026.5
386.098,15,1026.5
386.132,15,1026.4
386.165,15,1026.3
386.198,15,1026.3
386.232,15,1026.2
386.265,15,1026
386.298,15,1026
386.332,15,1025.9
386.365,15,1025.8
386.398,15,1025.8
386.432,15,1025.7
386.465,15,1025.6
386.498,15,1025.6
386.532,15,1025.5
386.565,15,1025.4
386.598,15,1025.4
386.632,15,1025.3
386.665,15,1025.3
386.698,15,1025.2
386.732,15,1025.2
386.765,15,1025.2
386.798,15,1025
386.832,15,1024.9
386.865,15,1024.9
386.898,15,1024.8
386.932,15,1024.7
386.965,15,1024.7
386.998,15,1024.7
387.032,15,1024.5
387.065,15,1024.5
387.098,15,1024.4
387.132,15,1024.3
387.165,15,1024.3
387.198,15,1024.2
387.232,15,1024.2
387.265,15,1024.2
387.298,15,1024.1
387.332,15,1024
387.365,15,1024
387.398,15,1023.8
387.432,15,1023.7
387.465,15,1023.7
387.498,15,1023.6
387.532,15,1023.5
387.565,15,1023.5
387.598,15,1023.5
387.632,15,1023.3
387.665,15,1023.3
387.698,15,1023.3
387.732,15,1023.3
387.765,15,1023.2
387.798,15,1023.1
387.832,15,1023.1
387.865,15,1023
387.898,15,1022.8
387.932,15,1022.8
387.965,15,1022.7
387.998,15,1022.6
388.032,15,1022.6
388.065,15,1022.5
388.098,15,1022.5
388.132,15,1022.5
388.165,15,1022.3
388.198,15,1022.2
388.232,15,1022.2
388.265,15,1022.1
388.298,15,1022.1
388.332,15,1022.1
388.365,15,1021.9
388.398,15,1021.8
388.432,15,1021.8
388.465,15,1021.7
388.498,15,1021.7
388.532,15,1021.7
388.565,15,1021.5
388.598,15,1021.4
388.632,15,1021.4
388.665,15,1021.4
388.698,15,1021.3
388.732,15,1021.3
388.765,15,1021.1
388.798,15,1021.1
388.832,15,1021.1
388.865,15,1020.9
388.898,15,1020.9
388.932,15,1020.9
388.965,15,1020.8
388.998,15,1020.8
389.032,15,1020.7
389.065,15,1020.5
389.098,15,1020.5
389.132,15,1020.4
389.165,15,1020.4
389.198,15,1020.4
389.232,15,1020.2
389.265,15,1020.2
389.298,15,1020.2
389.332,15,1020
389.365,15,1019.9
389.399,15,1019.9
389.432,15,1019.8
389.465,15,1019.7
389.498,15,1019.7
389.532,15,1019.7
389.565,15,1019.5
389.598,15,1019.5
389.632,15,1019.5
389.665,15,1019.3
389.698,15,1019.3
389.732,15,1019.2
389.765,15,1019.1
389.798,15,1019.1
389.832,15,1019
389.865,15,1019
389.898,15,1018.9
389.932,15,1018.9
389.965,15,1018.9
389.998,15,1018.7
390.032,15,1018.6
390.065,15,1018.6
390.098,15,1018.5
390.132,15,1018.4
390.165,15,1018.4
390.198,15,1018.3
390.232,15,1018.2
390.265,15,1018.2
390.299,15,1018.1
390.332,15,1018
390.365,15,1018
390.398,15,1017.9
390.432,15,1017.8
390.465,15,1017.8
390.499,15,1017.8
390.532,15,1017.6
390.565,15,1017.6
390.599,15,1017.5
390.632,15,1017.4
390.665,15,1017.4
390.698,15,1017.3
390.732,15,1017.2
390.765,15,1017.2
390.798,15,1017.1
390.832,15,1017
390.865,15,1017
390.898,15,1016.9
390.932,15,1016.9
390.965,15,1016.8
390.998,15,1016.7
391.032,15,1016.7
391.065,15,1016.7
391.098,15,1016.5
391.132,15,1016.5
391.165,15,1016.4
391.198,15,1016.2
391.232,15,1016.2
391.265,15,1016.1
391.298,15,1016
391.332,15,1016
391.365,15,1016
391.398,15,1015.9
391.432,15,1015.9
391.465,15,1015.7
391.498,15,1015.7
391.532,15,1015.7
391.565,15,1015.5
391.598,15,1015.4
391.632,15,1015.4
391.665,15,1015.3
391.698,15,1015.2
391.732,15,1015.2
391.765,15,1015.1
391.798,15,1015.1
391.832,15,1015.1
391.865,15,1014.9
391.898,15,1014.8
391.932,15,1014.8
391.965,15,1014.8
391.998,15,1014.8
392.032,15,1014.6
392.065,15,1014.5
392.099,15,1014.5
392.132,15,1014.4
392.165,15,1014.4
392.199,15,1014.4
392.232,15,1014.3
392.265,15,1014.2
392.298,15,1014.2
392.332,15,1014
392.365,15,1014
392.398,15,1014
392.432,15,1013.9
392.465,15,1013.8
392.498,15,1013.8
392.532,15,1013.7
392.565,15,1013.6
392.599,15,1013.6
392.632,15,1013.4
392.665,15,1013.4
392.698,15,1013.4
392.732,15,1013.4
392.765,15,1013.1
392.798,15,1013.1
392.832,15,1013.1
392.865,15,1012.9
392.898,15,1012.9
392.932,15,1012.9
392.965,15,1012.8
392.999,15,1012.8
393.032,15,1012.7
393.065,15,1012.7
393.098,15,1012.6
393.132,15,1012.5
393.165,15,1012.5
393.198,15,1012.4
393.232,15,1012.2
393.265,15,1012.2
393.298,15,1012.1
393.332,15,1012.1
393.365,15,1012.1
393.399,15,1011.9
393.432,15,1011.9
393.465,15,1011.9
393.498,15,1011.8
393.532,15,1011.6
393.565,15,1011.6
393.598,15,1011.6
393.632,15,1011.5
393.665,15,1011.5
393.698,15,1011.4
393.732,15,1011.3
393.765,15,1011.3
393.799,15,1011.2
393.832,15,1011.1
393.865,15,1011.1
393.898,15,1011
393.932,15,1010.9
393.965,15,1010.9
393.998,15,1010.8
394.032,15,1010.6
394.065,15,1010.6
394.098,15,1010.6
394.132,15,1010.6
394.165,15,1010.5
394.198,15,1010.4
394.232,15,1010.4
394.265,15,1010.4
394.298,15,1010.1
394.332,15,1010.1
394.365,15,1010.1
394.399,15,1010
394.432,15,1010
394.465,15,1009.9
394.499,15,1009.8
394.532,15,1009.8
394.565,15,1009.7
394.598,15,1009.6
394.632,15,1009.6
394.665,15,1009.5
394.698,15,1009.4
394.732,15,1009.4
394.765,15,1009.3
394.798,15,1009.2
394.832,15,1009.2
394.865,15,1009.1
394.899,15,1009
394.932,15,1009
394.965,15,1008.9
394.999,15,1008.8
395.032,15,1008.8
395.065,15,1008.7
395.098,15,1008.6
395.132,15,1008.6
395.165,15,1008.5
395.198,15,1008.5
395.232,15,1008.4
395.265,15,1008.3
395.298,15,1008.3
395.332,15,1008.2
395.365,15,1008.1
395.398,15,1008.1
395.432,15,1008
395.465,15,1007.9
395.499,15,1007.9
395.532,15,1007.8
395.565,15,1007.7
395.598,15,1007.7
395.632,15,1007.7
395.665,15,1007.6
395.699,15,1007.6
395.732,15,1007.4
395.765,15,1007.3
395.798,15,1007.3
395.832,15,1007.2
395.865,15,1007.1
395.899,15,1007.1
395.932,15,1007
395.965,15,1006.9
395.999,15,1006.9
396.032,15,1006.8
396.065,15,1006.7
396.099,15,1006.7
396.132,15,1006.6
396.165,15,1006.5
396.199,15,1006.5
396.232,15,1006.4
396.265,15,1006.3
396.299,15,1006.3
396.332,15,1006.2
396.365,15,1006.2
396.399,15,1006.1
396.432,15,1006
396.465,15,1006
396.498,15,1005.9
396.532,15,1005.8
396.565,15,1005.8
396.599,15,1005.7
396.632,15,1005.5
396.665,15,1005.5
396.699,15,1005.5
396.732,15,1005.4
396.765,15,1005.4
396.799,15,1005.3
396.832,15,1005.2
396.865,15,1005.2
396.898,15,1005.1
396.932,15,1005
396.965,15,1005
396.999,15,1004.9
397.032,15,1004.8
397.065,15,1004.8
397.099,15,1004.7
397.132,15,1004.6
397.165,15,1004.6
397.199,15,1004.5
397.232,15,1004.4
397.265,15,1004.4
397.299,15,1004.3
397.332,15,1004.2
397.365,15,1004.2
397.399,15,1004.2
397.432,15,1004.2
397.465,15,1004
397.499,15,1004
397.532,15,1004
397.565,15,1003.8
397.599,15,1003.7
397.632,15,1003.7
397.665,15,1003.6
397.699,15,1003.5
397.732,15,1003.5
397.765,15,1003.4
397.799,15,1003.3
397.832,15,1003.3
397.865,15,1003.2
397.898,15,1003.1
397.932,15,1003.1
397.965,15,1003
397.999,15,1002.9
398.032,15,1002.9
398.065,15,1002.8
398.099,15,1002.7
398.132,15,1002.7
398.165,15,1002.6
398.199,15,1002.5
398.232,15,1002.5
398.265,15,1002.4
398.299,15,1002.3
398.332,15,1002.3
398.365,15,1002.2
398.399,15,1002
398.432,15,1002
398.465,15,1002
398.499,15,1002
398.532,15,1001.9
398.565,15,1001.8
398.599,15,1001.8
398.632,15,1001.8
398.665,15,1001.6
398.699,15,1001.6
398.732,15,1001.5
398.765,15,1001.4
398.799,15,1001.4
398.832,15,1001.3
398.865,15,1001.2
398.899,15,1001.2
398.932,15,1001.1
398.965,15,1000.9
398.999,15,1000.9
399.032,15,1000.9
399.065,15,1000.8
399.099,15,1000.8
399.132,15,1000.7
399.165,15,1000.6
399.199,15,1000.6
399.232,15,1000.4
399.265,15,1000.4
399.299,15,1000.4
399.332,15,1000.3
399.365,15,1000.2
399.399,15,1000.2
399.432,15,1000.1
399.465,15,999.9
399.499,15,999.9
399.532,15,999.9
399.565,15,999.9
399.599,15,999.8
399.632,15,999.7
399.665,15,999.7
399.699,15,999.5
399.732,15,999.5
399.765,15,999.5
399.799,15,999.4
399.832,15,999.3
399.865,15,999.3
399.898,15,999.3
399.932,15,999.1
399.965,15,999.1
399.999,15,999
400.032,15,999
400.065,15,999
400.099,15,998.8
400.132,15,998.7
400.165,15,998.7
400.199,15,998.6
400.232,15,998.5
400.265,15,998.5
400.298,15,998.4
400.332,15,998.3
400.365,15,998.3
400.399,15,998.2
400.432,15,998.1
400.465,15,998.1
400.499,15,997.9
400.532,15,997.9
400.565,15,997.9
400.599,15,997.8
400.632,15,997.8
400.665,15,997.7
400.699,15,997.6
400.732,15,997.6
400.765,15,997.5
400.799,15,997.3
400.832,15,997.3
400.865,15,997.3
400.899,15,997.3
400.932,15,997.3
400.965,15,997.1
400.999,15,997
401.032,15,997
401.065,15,996.8
401.099,15,996.8
401.132,15,996.8
401.165,15,996.7
401.199,15,996.6
401.232,15,996.6
401.265,15,996.5
401.299,15,996.4
401.332,15,996.4
401.365,15,996.3
401.399,15,996.2
401.432,15,996.2
401.465,15,996.1
401.499,15,996
401.532,15,996
401.565,15,996
401.599,15,995.8
401.632,15,995.8
401.665,15,995.7
401.699,15,995.7
401.732,15,995.6
401.765,15,995.5
401.799,15,995.5
401.832,15,995.4
401.865,15,995.3
401.899,15,995.3
401.932,15,995.2
401.965,15,995.1
401.999,15,995.1
402.032,15,995
402.065,15,994.9
402.099,15,994.9
402.132,15,994.8
402.165,15,994.7
402.199,15,994.7
402.232,15,994.7
402.265,15,994.5
402.299,15,994.5
402.332,15,994.4
402.365,15,994.3
402.399,15,994.3
402.432,15,994.2
402.465,15,994.1
402.499,15,994.1
402.532,15,994
402.565,15,993.8
402.599,15,993.8
402.632,15,993.8
402.665,15,993.7
402.699,15,993.7
402.732,15,993.6
402.765,15,993.6
402.799,15,993.6
402.832,15,993.4
402.865,15,993.4
402.899,15,993.3
402.932,15,993.2
402.965,15,993.2
402.999,15,993.1
403.032,15,993
403.065,15,993
403.099,15,992.9
403.132,15,992.8
403.165,15,992.8
403.199,15,992.8
403.232,15,992.7
403.265,15,992.7
403.299,15,992.5
403.332,15,992.4
403.365,15,992.4
403.399,15,992.3
403.432,15,992.2
403.465,15,992.2
403.499,15,992.2
403.532,15,992
403.565,15,992
403.599,15,992
403.632,15,991.8
403.665,15,991.8
403.699,15,991.7
403.732,15,991.7
403.765,15,991.7
403.799,15,991.6
403.832,15,991.6
403.865,15,991.4
403.899,15,991.3
403.932,15,991.3
403.965,15,991.3
403.999,15,991.1
404.032,15,991.1
404.065,15,991
404.099,15,990.9
404.132,15,990.9
404.165,15,990.9
404.199,15,990.7
404.232,15,990.7
404.265,15,990.6
404.299,15,990.5
404.332,15,990.5
404.365,15,990.4
404.399,15,990.3
404.432,15,990.3
404.465,15,990.2
404.499,15,990.1
404.532,15,990.1
404.565,15,990
404.599,15,989.9
404.632,15,989.9
404.665,15,989.8
404.699,15,989.8
404.732,15,989.8
404.765,15,989.6
404.799,15,989.6
404.832,15,989.6
404.865,15,989.4
404.899,15,989.4
404.932,15,989.3
404.965,15,989.2
404.999,15,989.2
405.032,15,989.1
405.065,15,989.1
405.099,15,989.1
405.132,15,988.9
405.165,15,988.9
405.199,15,988.9
405.232,15,988.8
405.265,15,988.6
405.299,15,988.6
405.332,15,988.6
405.365,15,988.4
405.399,15,988.4
405.432,15,988.3
405.465,15,988.3
405.499,15,988.3
405.532,15,988.1
405.565,15,988.1
405.599,15,988.1
405.632,15,987.9
405.665,15,987.8
405.699,15,987.8
405.732,15,987.7
405.766,15,987.6
405.799,15,987.6
405.832,15,987.5
405.866,15,987.5
405.899,15,987.5
405.932,15,987.3
405.965,15,987.3
405.999,15,987.2
406.032,15,987.1
406.065,15,987.1
406.099,15,987.1
406.132,15,986.9
406.165,15,986.9
406.199,15,986.9
406.232,15,986.7
406.265,15,986.7
406.299,15,986.6
406.332,15,986.5
406.366,15,986.5
406.399,15,986.4
406.432,15,986.4
406.465,15,986.4
406.499,15,986.2
406.532,15,986.1
406.565,15,986.1
406.599,15,986
406.632,15,985.9
406.666,15,985.9
406.699,15,985.8
406.732,15,985.8
406.766,15,985.8
406.799,15,985.6
406.832,15,985.5
406.866,15,985.5
406.899,15,985.4
406.932,15,985.4
406.965,15,985.4
406.999,15,985.2
407.032,15,985.1
407.065,15,985.1
407.099,15,985
407.132,15,985
407.165,15,984.9
407.199,15,984.8
407.232,15,984.8
407.265,15,984.7
407.299,15,984.6
407.332,15,984.6
407.365,15,984.5
407.399,15,984.4
407.432,15,984.4
407.466,15,984.3
407.499,15,984.3
407.532,15,984.3
407.566,15,984.1
407.599,15,984
407.632,15,984
407.665,15,983.9
407.699,15,983.9
407.732,15,983.9
407.765,15,983.7
407.799,15,983.6
407.832,15,983.6
407.865,15,983.5
407.899,15,983.4
407.932,15,983.4
407.965,15,983.4
407.999,15,983.2
408.032,15,983.2
408.065,15,983.1
408.099,15,983.1
408.132,15,983.1
408.165,15,982.9
408.199,15,982.9
408.232,15,982.9
408.265,15,982.8
408.299,15,982.8
408.332,15,982.6
408.365,15,982.5
408.399,15,982.5
408.432,15,982.4
408.465,15,982.3
408.499,15,982.3
408.532,15,982.3
408.566,15,982.1
408.599,15,982.1
408.632,15,982
408.666,15,981.9
408.699,15,981.9
408.732,15,981.8
408.766,15,981.8
408.799,15,981.8
408.832,15,981.6
408.865,15,981.5
408.899,15,981.5
408.932,15,981.4
408.966,15,981.3
408.999,15,981.3
409.032,15,981.3
409.065,15,981.1
409.099,15,981.1
409.132,15,981.1
409.165,15,980.9
409.199,15,980.9
409.232,15,980.8
409.266,15,980.8
409.299,15,980.7
409.332,15,980.7
409.365,15,980.7
409.399,15,980.5
409.432,15,980.5
409.466,15,980.5
409.499,15,980.3
409.532,15,980.2
409.566,15,980.2
409.599,15,980.2
409.632,15,980
409.665,15,980
409.699,15,979.9
409.732,15,979.8
409.766,15,979.8
409.799,15,979.7
409.832,15,979.6
409.866,15,979.6
409.899,15,979.5
409.932,15,979.4
409.966,15,979.4
409.999,15,979.2
410.032,15,979.2
410.065,15,979.2
410.099,15,979.1
410.132,15,979
410.165,15,979
410.199,15,978.8
410.232,15,978.8
410.265,15,978.8
410.299,15,978.7
410.332,15,978.7
410.366,15,978.6
410.399,15,978.5
410.432,15,978.5
410.465,15,978.4
410.499,15,978.3
410.532,15,978.3
410.565,15,978.2
410.599,15,978.1
410.632,15,978.1
410.666,15,978
410.699,15,977.9
410.732,15,977.9
410.765,15,977.8
410.799,15,977.7
410.832,15,977.7
410.866,15,977.6
410.899,15,977.5
410.932,15,977.5
410.965,15,977.4
410.999,15,977.3
411.032,10.158,977.3
411.066,5.16,977.2
411.099,0.155,977.1
411.132,0,977.1
411.166,0,977.1
411.199,0,977.1
411.232,0,977.1
411.265,0,977.1
411.299,0,977.1
411.332,0,977.1
411.365,0,977.1
411.399,0,977.1
411.432,0,977.1
411.466,0,977.1
411.499,0,977.1
411.532,0,977.1
411.565,0,977.1
411.599,0,977.1
411.632,0,977.1
411.666,0,977.1
411.699,0,977.1
411.732,0,977.1
411.765,0,977.1
411.799,0,977.1
411.832,0,977.1
411.866,0,977
411.899,0,977
411.932,0,977.1
411.965,0,977
411.999,0,977
412.032,0,977
412.065,0,977.1
412.099,0,977.1
412.132,0,977.1
412.165,0,977
412.199,0,977
412.232,0,977.1
412.266,0,977.1
412.299,0,977.1
412.332,0,977
412.365,0,977.1
412.399,0,977.1
412.432,0,977.1
412.465,0,977.1
412.499,0,977.1
412.532,0,977.1
412.566,0,977.1
412.599,0,977.1
412.632,0,977.1
412.666,0,977.1
412.699,0,977.1
412.732,0,977.1
412.766,0,977.1
412.799,0,977.1
412.832,0,977
412.866,0,977
412.899,0,977
412.932,0,977
412.966,0,977
412.999,0,977
413.032,0,977
413.066,0,977
413.099,0,977
413.132,0,977
413.166,0,977
413.199,0,977.1
413.232,0,977.1
413.265,0,977.1
413.299,0,977.1
413.332,0,977.1
413.366,0,977.1
413.399,0,977.1
413.432,0,977.1
413.466,0,977.1
413.499,0,977
413.532,0,977
413.566,0,977
413.599,0,977
413.632,0,977
413.666,0,977
413.699,0,977
413.732,0,977
413.766,0,977.1
413.799,0,977.1
413.832,0,977.1
413.866,0,977
413.899,0,977
413.932,0,977
413.966,0,977
413.999,0,977
414.032,0,977
414.065,0,977
414.099,0,977.1
414.132,0,977.1
414.166,0,977
414.199,0,977
414.232,0,977
414.266,0,977.1
414.299,0,977.1
414.332,0,977.1
414.366,0,977.1
414.399,0,977.1
414.432,0,977.1
414.465,0,977.1
414.499,0,977.1
414.532,0,977.1
414.566,0,977.1
414.599,0,977.1
414.632,0,977.1
414.666,0,977.1
414.699,0,977.1
414.732,0,977.1
414.765,0,977
414.799,0,977
414.832,0,977
414.866,0,977.1
414.899,0,977.1
414.932,0,977.1
414.965,0,977.1
414.999,0,977.1
415.032,0,977.1
415.065,0,977.1
415.099,0,977.1
415.132,0,977.1
415.166,0,977.1
415.199,0,977.1
415.232,0,977.1
415.266,0,977.1
415.299,0,977.1
415.332,0,977.1
415.366,0,977.1
415.399,0,977.1
415.432,0,977.1
415.466,0,977.1
415.499,0,977.1
415.532,0,977.1
415.566,0,977.1
415.599,0,977.1
415.632,0,977.1
415.666,0,977.1
415.699,0,977.1
415.732,0,977.1
415.766,0,977.1
415.799,0,977.1
415.832,0,977.1
415.866,0,977.1
415.899,0,977.1
415.932,0,977.1
415.966,0,977.1
415.999,0,977.1
416.032,0,977.1
416.066,0,977.1
416.099,0,977.1
416.132,0,977.1
416.166,0,977.1
416.199,0,977.1
416.232,0,977.1
416.266,0,977.1
416.299,0,977.1
416.332,0,977.1
416.366,0,977.1
416.399,0,977.1
416.432,0,977.1
416.466,0,977.1
416.499,0,977.1
416.532,0,977.1
416.566,0,977.1
416.599,0,977.1
416.632,0,977.1
416.666,0,977.1
416.699,0,977.1
416.732,0,977.1
416.766,0,977.1
416.799,0,977.1
416.832,0,977.1
416.866,0,977.1
416.899,0,977.1
416.932,0,977.1
416.966,0,977.1
416.999,0,977.1
417.032,0,977.1
417.066,0,977.1
417.099,0,977.1
417.132,0,977.1
417.166,0,977.1
417.199,0,977.1
417.232,0,977.1
417.266,0,977.1
417.299,0,977.1
417.332,0,977.1
417.366,0,977.1
417.399,0,977.1
417.432,0,977.1
417.466,0,977.1
417.499,0,977.1
417.532,0,977.1
417.566,0,977.1
417.599,0,977.1
417.632,0,977.1
417.666,0,977.1
417.699,0,977.1
417.732,0,977.1
417.766,0,977.1
417.799,0,977.1
417.832,0,977.1
417.866,0,977.1
417.899,0,977.1
417.932,0,977.1
417.966,0,977.1
417.999,0,977.1
418.032,0,977.1
418.066,0,977.1
418.099,0,977.1
418.132,0,977.1
418.166,0,977.1
418.199,0,977.1
418.232,0,977.1
418.266,0,977.1
418.299,0,977.1
418.332,0,977.1
418.366,0,977.1
418.399,0,977.1
418.432,0,977.1
418.466,0,977.1
418.499,0,977.1
418.532,0,977.1
418.566,0,977.1
418.599,0,977.1
418.632,0,977.1
418.666,0,977.1
418.699,0,977.1
418.732,0,977.1
418.766,0,977.1
418.799,0,977.1
418.832,0,977.1
418.866,0,977.1
418.899,0,977.1
418.932,0,977.1
418.966,0,977.1
418.999,0,977.1
419.032,0,977.1
419.066,0,977.1
419.099,0,977.1
419.132,0,977.1
419.166,0,977.1
419.199,0,977.1
419.232,0,977.1
419.266,0,977.1
419.299,0,977.1
419.332,0,977.1
419.366,0,977.1
419.399,0,977.1
419.432,0,977.1
419.466,0,977.1
419.499,0,977
419.532,0,977.1
419.566,0,977.1
419.599,0,977.1
419.632,0,977.1
419.666,0,977.1
419.699,0,977.1
419.732,0,977.1
419.766,0,977.1
419.799,0,977.1
419.832,0,977.1
419.866,0,977.1
419.899,0,977.1
419.932,0,977
419.966,0,977
419.999,0,977
420.032,0,977
420.066,0,977.1
420.099,0,977.1
420.132,0,977.1
420.166,0,977
420.199,0,977.1
420.232,0,977.1
420.266,0,977.1
420.299,0,977.1
420.332,0,977.1
420.366,0,977.1
420.399,0,977.1
420.432,0,977.1
420.466,0,977.1
420.499,0,977.1
420.532,0,977.1
420.566,0,977.1
420.599,0,977.1
420.632,0,977.1
420.666,0,977.1
420.699,0,977.1
420.732,0,977.1
420.766,0,977.1
420.799,0,977.1
420.832,0,977.1
420.866,0,977.1
420.899,0,977.1
420.932,0,977.1
420.966,0,977.1
420.999,0,977.1
421.032,0,977.1
421.066,0,977.1
421.099,0,977.1
421.132,6.491,977
421.166,13.167,977.1
421.199,19.83,977.1
421.232,20,977
421.266,20,977
421.299,20,977
421.332,20,976.8
421.366,20,976.6
421.399,20,976.6
421.432,20,976.5
421.466,20,976.3
421.499,20,976.3
421.532,20,976.2
421.566,20,976.1
421.599,20,976.1
421.632,20,976
421.666,20,975.8
421.699,20,975.8
421.732,20,975.7
421.766,20,975.5
421.799,20,975.5
421.832,20,975.4
421.866,20,975.2
421.899,20,975.2
421.932,20,975.1
421.966,20,975
421.999,20,975
422.032,20,974.8
422.066,20,974.7
422.099,20,974.7
422.132,20,974.6
422.166,20,974.6
422.199,20,974.5
422.232,20,974.2
422.266,20,974.2
422.299,20,974.2
422.332,20,974
422.366,20,974
422.399,20,973.9
422.432,20,973.7
422.466,20,973.7
422.499,20,973.6
422.532,20,973.5
422.566,20,973.5
422.599,20,973.3
422.632,20,973.2
422.666,20,973.2
422.699,20,973.1
422.732,20,973
422.766,20,973
422.799,20,972.8
422.832,20,972.7
422.866,20,972.7
422.899,20,972.5
422.932,20,972.5
422.966,20,972.5
422.999,20,972.3
423.032,20,972.2
423.066,20,972.2
423.099,20,972
423.132,20,971.9
423.166,20,971.9
423.199,20,971.7
423.232,20,971.7
423.266,20,971.6
423.299,20,971.5
423.333,20,971.5
423.366,20,971.4
423.399,20,971.2
423.433,20,971.2
423.466,20,971
423.499,20,970.9
423.532,20,970.9
423.566,20,970.8
423.599,20,970.7
423.632,20,970.7
423.666,20,970.6
423.699,20,970.4
423.733,20,970.4
423.766,20,970.2
423.799,20,970.1
423.833,20,970.1
423.866,20,970
423.899,20,969.9
423.932,20,969.9
423.966,20,969.7
423.999,20,969.6
424.032,20,969.6
424.066,20,969.5
424.099,20,969.3
424.132,20,969.3
424.166,20,969.2
424.199,20,969.1
424.232,20,969.1
424.266,20,968.9
424.299,20,968.9
424.332,20,968.8
424.366,20,968.6
424.399,20,968.6
424.432,20,968.6
424.466,20,968.4
424.499,20,968.4
424.533,20,968.3
424.566,20,968.1
424.599,20,968.1
424.632,20,967.9
424.666,20,967.9
424.699,20,967.9
424.733,20,967.7
424.766,20,967.5
424.799,20,967.5
424.832,20,967.5
424.866,20,967.3
424.899,20,967.3
424.932,20,967.2
424.966,20,967
424.999,20,967
425.032,20,967
425.066,20,966.8
425.099,20,966.8
425.133,20,966.6
425.166,20,966.5
425.199,20,966.5
425.232,20,966.4
425.266,20,966.3
425.299,20,966.3
425.332,20,966.2
425.366,20,966.2
425.399,20,966
425.433,20,965.9
425.466,20,965.9
425.499,20,965.8
425.532,20,965.6
425.566,20,965.6
425.599,20,965.5
425.633,20,965.3
425.666,20,965.3
425.699,20,965.1
425.733,20,965.1
425.766,20,965.1
425.799,20,964.9
425.833,20,964.8
425.866,20,964.8
425.899,20,964.7
425.932,20,964.5
425.966,20,964.5
425.999,20,964.4
426.033,20,964.3
426.066,20,964.3
426.099,20,964.1
426.133,20,964
426.166,20,964
426.199,20,963.9
426.233,20,963.7
426.266,20,963.7
426.299,20,963.7
426.333,20,963.5
426.366,20,963.5
426.399,20,963.4
426.432,20,963.4
426.466,20,963.2
426.499,20,963.1
426.533,20,963.1
426.566,20,962.9
426.599,20,962.8
426.632,20,962.8
426.666,20,962.7
426.699,20,962.6
426.732,20,962.6
426.766,20,962.4
426.799,20,962.3
426.832,20,962.3
426.866,20,962.1
426.899,20,961.9
426.933,20,961.9
426.966,20,961.9
426.999,20,961.7
427.032,20,961.7
427.066,20,961.6
427.099,20,961.5
427.133,20,961.5
427.166,20,961.3
427.199,20,961.2
427.232,20,961.2
427.266,20,961
427.299,20,961
427.332,20,961
427.366,20,960.8
427.399,20,960.7
427.432,20,960.7
427.466,20,960.6
427.499,20,960.6
427.533,20,960.4
427.566,20,960.3
427.599,20,960.3
427.632,20,960.1
427.666,20,960
427.699,20,960
427.733,20,959.9
427.766,20,959.7
427.799,20,959.7
427.832,20,959.6
427.866,20,959.5
427.899,20,959.5
427.932,20,959.3
427.966,20,959.2
427.999,20,959.2
428.033,20,959.1
428.066,20,959
428.099,20,959
428.133,20,958.9
428.166,20,958.7
428.199,20,958.7
428.232,20,958.5
428.266,20,958.4
428.299,20,958.4
428.333,20,958.3
428.366,20,958.1
428.399,20,958.1
428.432,20,958.1
428.466,20,957.9
428.499,20,957.9
428.533,20,957.8
428.566,20,957.8
428.599,20,957.7
428.633,20,957.5
428.666,20,957.5
428.699,20,957.4
428.732,20,957.2
428.766,20,957.2
428.799,20,957.2
428.833,20,957
428.866,20,957
428.899,20,956.9
428.933,20,956.7
428.966,20,956.7
428.999,20,956.6
429.033,20,956.4
429.066,20,956.4
429.099,20,956.4
429.132,20,956.1
429.166,20,956.1
429.199,20,956
429.232,20,955.9
429.266,20,955.9
429.299,20,955.7
429.333,20,955.7
429.366,20,955.7
429.399,20,955.5
429.433,20,955.4
429.466,20,955.4
429.499,20,955.2
429.533,20,955.2
429.566,20,955.2
429.599,20,955
429.633,20,954.9
429.666,20,954.9
429.699,20,954.7
429.733,20,954.7
429.766,20,954.6
429.799,20,954.4
429.833,20,954.4
429.866,20,954.3
429.899,20,954.2
429.932,20,954.2
429.966,20,954
429.999,20,953.9
430.033,20,953.9
430.066,20,953.8
430.099,20,953.6
430.133,20,953.6
430.166,20,953.5
430.199,20,953.4
430.232,20,953.4
430.266,20,953.2
430.299,20,953.1
430.332,20,953.1
430.366,20,952.9
430.399,20,952.8
430.433,20,952.8
430.466,20,952.7
430.499,20,952.6
430.532,20,952.6
430.566,20,952.4
430.599,20,952.3
430.633,20,952.3
430.666,20,952.2
430.699,20,952.1
430.733,20,952.1
430.766,20,952
430.799,20,952
430.833,20,951.8
430.866,20,951.6
430.899,20,951.6
430.933,20,951.5
430.966,20,951.4
430.999,20,951.4
431.032,20,951.3
431.066,20,951.2
431.099,20,951.2
431.133,20,951.1
431.166,20,950.9
431.199,20,950.9
431.233,20,950.8
431.266,20,950.6
431.299,20,950.6
431.332,20,950.4
431.366,20,950.3
431.399,20,950.3
431.432,20,950.2
431.466,20,950
431.499,20,950
431.532,20,949.9
431.566,20,949.7
431.599,20,949.7
431.633,20,949.7
431.666,20,949.6
431.699,20,949.6
431.733,20,949.4
431.766,20,949.3
431.799,20,949.3
431.833,20,949.1
431.866,20,949.1
431.899,20,949
431.933,20,948.9
431.966,20,948.9
431.999,20,948.7
432.033,20,948.6
432.066,20,948.6
432.099,20,948.4
432.133,20,948.3
432.166,20,948.3
432.199,20,948.2
432.233,20,948.1
432.266,20,948.1
432.299,20,947.9
432.333,20,947.8
432.366,20,947.8
432.399,20,947.7
432.433,20,947.5
432.466,20,947.5
432.499,20,947.4
432.533,20,947.2
432.566,20,947.2
432.599,20,947.1
432.633,20,947
432.666,20,947
432.699,20,946.9
432.733,20,946.7
432.766,20,946.7
432.799,20,946.6
432.833,20,946.5
432.866,20,946.5
432.899,20,946.4
432.933,20,946.4
432.966,20,946.2
432.999,20,946.1
433.033,20,946.1
433.066,20,945.9
433.099,20,945.8
433.133,20,945.8
433.166,20,945.7
433.199,20,945.6
433.232,20,945.6
433.266,20,945.4
433.299,20,945.2
433.333,20,945.2
433.366,20,945.2
433.399,20,945
433.433,20,945
433.466,20,944.8
433.499,20,944.7
433.533,20,944.7
433.566,20,944.6
433.599,20,944.5
433.633,20,944.5
433.666,20,944.3
433.699,20,944.2
433.733,20,944.2
433.766,20,944.1
433.799,20,943.9
433.833,20,943.9
433.866,20,943.8
433.899,20,943.7
433.933,20,943.7
433.966,20,943.5
433.999,20,943.5
434.033,20,943.4
434.066,20,943.3
434.099,20,943.3
434.133,20,943.2
434.166,20,943
434.199,20,943
434.233,20,942.9
434.266,20,942.8
434.299,20,942.8
434.333,20,942.6
434.366,20,942.5
434.399,20,942.5
434.433,20,942.4
434.466,20,942.3
434.499,20,942.3
434.533,20,942.1
434.566,20,942
434.599,20,942
434.633,20,941.9
434.666,20,941.7
434.699,20,941.7
434.733,20,941.6
434.766,20,941.4
434.799,20,941.4
434.833,20,941.4
434.866,20,941.2
434.899,20,941.2
434.933,20,941.1
434.966,20,940.9
434.999,20,940.9
435.033,20,940.8
435.066,20,940.8
435.099,20,940.7
435.133,20,940.5
435.166,20,940.5
435.199,20,940.4
435.233,20,940.3
435.266,20,940.3
435.299,20,940.2
435.333,20,940.1
435.366,20,940.1
435.399,20,939.9
435.433,20,939.7
435.466,20,939.7
435.499,20,939.6
435.533,20,939.5
435.566,20,939.5
435.599,20,939.3
435.633,20,939.2
435.666,20,939.2
435.699,20,939.1
435.733,20,938.9
435.766,20,938.9
435.799,20,938.9
435.833,20,938.7
435.866,20,938.7
435.899,20,938.5
435.933,20,938.4
435.966,20,938.4
435.999,20,938.3
436.033,20,938.2
436.066,20,938.2
436.099,20,938
436.133,20,938
436.166,20,937.9
436.199,20,937.8
436.233,20,937.8
436.266,20,937.6
436.299,20,937.5
436.333,20,937.5
436.366,20,937.5
436.399,20,937.3
436.433,20,937.3
436.466,20,937.1
436.499,20,937
436.533,20,937
436.566,20,936.9
436.599,20,936.8
436.633,20,936.8
436.666,20,936.6
436.699,20,936.4
436.733,20,936.4
436.766,20,936.3
436.799,20,936.2
436.833,20,936.2
436.866,20,936
436.899,20,935.9
436.933,20,935.9
436.966,20,935.8
436.999,20,935.7
437.033,20,935.7
437.066,20,935.6
437.099,20,935.4
437.133,20,935.4
437.166,20,935.3
437.199,20,935.3
437.233,20,935.2
437.266,20,935
437.299,20,935
437.333,20,934.9
437.366,20,934.8
437.399,20,934.8
437.433,20,934.7
437.466,20,934.5
437.499,20,934.5
437.533,20,934.4
437.566,20,934.3
437.599,20,934.3
437.633,20,934.2
437.666,20,934
437.699,20,934
437.733,20,933.9
437.766,20,933.7
437.799,20,933.7
437.833,20,933.6
437.866,20,933.4
437.899,20,933.4
437.933,20,933.4
437.966,20,933.2
437.999,20,933.2
438.033,20,933.1
438.066,20,932.9
438.099,20,932.9
438.133,20,932.9
438.166,20,932.7
438.199,20,932.7
438.233,20,932.6
438.266,20,932.6
438.299,20,932.4
438.333,20,932.3
438.366,20,932.3
438.399,20,932.2
438.433,20,932
438.466,20,932
438.499,20,931.9
438.533,20,931.8
438.566,20,931.8
438.599,20,931.7
438.633,20,931.5
438.666,20,931.5
438.699,20,931.4
438.733,20,931.3
438.766,20,931.3
438.799,20,931.2
438.833,20,931
438.866,20,931
438.899,20,930.9
438.933,20,930.7
438.966,20,930.7
438.999,20,930.7
439.033,20,930.5
439.066,20,930.5
439.099,20,930.4
439.133,20,930.3
439.166,20,930.3
439.199,20,930.2
439.233,20,930
439.266,20,930
439.299,20,929.9
439.333,20,929.9
439.366,20,929.8
439.399,20,929.7
439.433,20,929.7
439.466,20,929.5
439.499,20,929.5
439.533,20,929.5
439.566,20,929.3
439.599,20,929.1
439.633,20,929.1
439.666,20,929
439.699,20,928.8
439.733,20,928.8
439.766,20,928.8
439.799,20,928.6
439.833,20,928.6
439.866,20,928.5
439.899,20,928.3
439.933,20,928.3
439.966,20,928.3
439.999,20,928.1
440.033,20,928.1
440.066,20,928
440.099,20,927.8
440.133,20,927.8
440.166,20,927.7
440.199,20,927.6
440.233,20,927.6
440.266,20,927.4
440.3,20,927.4
440.333,20,927.4
440.366,20,927.2
440.399,20,927.2
440.433,20,927.1
440.466,20,927
440.499,20,927
440.533,20,926.8
440.566,20,926.7
440.599,20,926.7
440.633,20,926.6
440.666,20,926.5
440.7,20,926.5
440.733,20,926.3
440.766,20,926.2
440.8,20,926.2
440.833,20,926.1
440.866,20,926
440.899,20,926
440.933,20,925.8
440.966,20,925.7
440.999,20,925.7
441.033,20,925.6
441.066,20,925.4
441.099,20,925.4
441.133,20,925.3
441.166,20,925.1
441.199,20,925.1
441.233,20,925
441.266,20,924.8
441.299,20,924.8
441.333,20,924.8
441.366,20,924.6
441.399,20,924.6
441.433,20,924.5
441.466,20,924.3
441.499,20,924.3
441.533,20,924.3
441.566,20,924.3
441.6,20,924
441.633,20,923.9
441.666,20,923.9
441.699,20,923.8
441.733,20,923.7
441.766,20,923.7
441.799,20,923.5
441.833,20,923.5
441.866,20,923.5
441.899,20,923.3
441.933,20,923.2
441.966,20,923.2
441.999,20,923.1
442.033,20,922.9
442.066,20,922.9
442.099,20,922.8
442.133,20,922.7
442.166,20,922.7
442.2,20,922.5
442.233,20,922.4
442.266,20,922.4
442.3,20,922.2
442.333,20,922.1
442.366,20,922.1
442.4,20,922
442.433,20,921.8
442.466,20,921.8
442.5,20,921.7
442.533,20,921.7
442.566,20,921.6
442.6,20,921.5
442.633,20,921.5
442.666,20,921.4
442.699,20,921.2
442.733,20,921.2
442.766,20,921.1
442.799,20,921
442.833,20,921
442.866,20,920.8
442.899,20,920.6
442.933,20,920.6
442.966,20,920.5
443,20,920.4
443.033,20,920.4
443.066,20,920.3
443.1,20,920.2
443.133,20,920.2
443.166,20,920.1
443.199,20,919.8
443.233,20,919.8
443.266,20,919.8
443.3,20,919.6
443.333,20,919.6
443.366,20,919.5
443.4,20,919.3
443.433,20,919.3
443.466,20,919.2
443.499,20,919.1
443.533,20,919.1
443.566,20,919
443.599,20,0
443.633,20,918.8
443.666,20,918.7
443.699,20,918.7
443.733,20,918.6
443.766,20,918.4
443.799,20,918.4
443.833,20,918.3
443.866,20,918.2
443.899,20,918.2
443.933,20,918.1
443.966,20,917.9
443.999,20,917.9
444.033,20,917.8
444.066,20,917.7
444.099,20,917.7
444.133,20,917.5
444.166,20,917.4
444.199,20,917.4
444.233,20,917.2
444.266,20,917.2
444.299,20,917.2
444.333,20,917
444.366,20,916.9
444.399,20,916.9
444.433,20,916.7
444.466,20,916.7
444.5,20,916.7
444.533,20,916.4
444.566,20,916.4
444.6,20,916.4
444.633,20,916.2
444.666,20,916.1
444.7,20,916.1
444.733,20,915.9
444.766,20,915.9
444.8,20,915.8
444.833,20,915.7
444.866,20,915.7
444.899,20,915.6
444.933,20,915.4
444.966,20,915.4
445,20,915.3
445.033,20,915.2
445.066,20,915.2
445.1,20,915
445.133,20,914.9
445.166,20,914.9
445.199,20,914.8
445.233,20,914.7
445.266,20,914.7
445.3,20,914.5
445.333,20,914.4
445.366,20,914.4
445.4,20,914.3
445.433,20,914.1
445.466,20,914.1
445.499,20,914
445.533,20,913.9
445.566,20,913.9
445.6,20,913.7
445.633,20,913.5
445.666,20,913.5
445.699,20,913.5
445.733,20,913.4
445.766,20,913.4
445.8,20,913.3
445.833,20,913.3
445.866,20,913.2
445.9,20,913
445.933,20,913
445.966,20,912.9
446,20,912.8
446.033,20,912.8
446.066,20,912.6
446.1,20,912.5
446.133,20,912.5
446.166,20,912.4
446.2,20,912.2
446.233,20,912.2
446.266,20,912
446.299,20,912
446.333,20,912
446.366,20,911.8
446.4,20,911.7
446.433,20,911.7
446.466,20,911.5
446.5,20,911.4
446.533,20,911.4
446.566,20,911.3
446.6,20,911.1
446.633,20,911.1
446.666,20,911
446.699,20,910.9
446.733,20,910.9
446.766,20,910.8
446.799,20,910.7
446.833,20,910.7
446.866,20,910.5
446.899,20,910.5
446.933,20,910.4
446.966,20,910.3
446.999,20,910.3
447.033,20,910.1
447.066,20,910.1
447.099,20,910.1
447.133,20,909.9
447.166,20,909.8
447.2,20,909.8
447.233,20,909.6
447.266,20,909.5
447.3,20,909.5
447.333,20,909.4
447.366,20,909.2
447.4,20,909.2
447.433,20,909.1
447.466,20,909
447.5,20,909
447.533,20,908.9
447.566,20,908.7
447.6,20,908.7
447.633,20,908.5
447.666,20,908.4
447.7,20,908.4
447.733,20,908.4
447.766,20,908.1
447.8,20,908.1
447.833,20,908
447.866,20,907.8
447.9,20,907.8
447.933,20,907.8
447.966,20,907.8
448,20,907.6
448.033,20,907.5
448.066,20,907.5
448.1,20,907.4
448.133,20,907.2
448.166,20,907.2
448.2,20,907.1
448.233,20,906.9
448.266,20,906.9
448.299,20,906.9
448.333,20,906.6
448.366,20,906.6
448.4,20,906.6
448.433,20,906.5
448.466,20,906.5
448.5,20,906.3
448.533,20,906.2
448.566,20,906.2
448.6,20,906.1
448.633,20,906
448.666,20,906
448.7,20,905.8
448.733,20,905.7
448.766,20,905.7
448.8,20,905.5
448.833,20,905.4
448.866,20,905.4
448.9,20,905.2
448.933,20,905.2
448.966,20,905.2
449,20,905
449.033,20,905
449.066,20,904.9
449.1,20,904.7
449.133,20,904.7
449.166,20,904.5
449.2,20,904.5
449.233,20,904.5
449.266,20,904.3
449.3,20,904.2
449.333,20,904.2
449.366,20,904.1
449.4,20,903.9
449.433,20,903.9
449.466,20,903.8
449.5,20,903.6
449.533,20,903.6
449.566,20,903.5
449.6,20,903.4
449.633,20,903.4
449.666,20,903.3
449.7,20,903.1
449.733,20,903.1
449.766,20,903.1
449.799,20,902.9
449.833,20,902.9
449.866,20,902.7
449.9,20,902.6
449.933,20,902.6
449.966,20,902.5
450,20,902.3
450.033,20,902.3
450.066,20,902.2
450.1,20,902.2
450.133,20,902.1
450.166,20,901.9
450.2,20,901.9
450.233,20,901.8
450.266,20,901.7
450.3,20,901.7
450.333,20,901.6
450.366,20,901.4
450.4,20,901.4
450.433,20,901.3
450.466,20,901.2
450.5,20,901.2
450.533,20,901
450.566,20,900.9
450.6,20,900.9
450.633,20,900.8
450.666,20,900.7
450.7,20,900.7
450.733,20,900.5
450.766,20,900.4
450.8,20,900.4
450.833,20,900.2
450.866,20,900.1
450.9,20,900.1
450.933,20,900
450.966,20,899.8
451,20,899.8
451.033,20,899.7
451.066,20,899.6
451.1,20,899.6
451.133,20,899.4
451.166,20,899.4
451.2,20,899.2
451.233,20,899.2
451.266,20,899.2
451.3,20,899
451.333,20,899
451.366,20,899
451.4,20,898.8
451.433,20,898.6
451.466,20,898.6
451.5,20,898.5
451.533,20,898.4
451.566,20,898.4
451.6,20,898.2
451.633,20,898.1
451.666,20,898.1
451.7,20,898
451.733,20,897.8
451.766,20,897.8
451.8,20,897.7
451.833,20,897.6
451.866,20,897.6
451.9,20,897.4
451.933,20,897.4
451.966,20,897.4
452,20,897.2
452.033,20,897.1
452.066,20,897.1
452.1,20,896.9
452.133,20,896.8
452.166,20,896.8
452.2,20,896.7
452.233,20,896.7
452.266,20,896.6
452.3,20,896.5
452.333,20,896.5
452.366,20,896.3
452.4,20,896.2
452.433,20,896.2
452.466,20,896.1
452.5,20,896
452.533,20,896
452.566,20,895.9
452.6,20,895.6
452.633,20,895.6
452.666,20,895.5
452.7,20,895.4
452.733,20,895.4
452.766,20,895.3
452.8,20,895.2
452.833,20,895.2
452.866,20,895
452.9,20,894.9
452.933,20,894.9
452.966,20,894.8
453,20,894.6
453.033,20,894.6
453.066,20,894.5
453.1,20,894.3
453.133,20,894.3
453.166,20,894.2
453.2,20,894.1
453.233,20,894.1
453.266,20,894
453.3,20,894
453.333,20,893.9
453.366,20,893.8
453.4,20,893.8
453.433,20,893.6
453.466,20,893.5
453.5,20,893.5
453.533,20,893.3
453.566,20,893.2
453.6,20,893.2
453.633,20,893
453.666,20,893
453.7,20,893
453.733,20,892.8
453.766,20,892.6
453.8,20,892.6
453.833,20,892.5
453.866,20,892.4
453.9,20,892.4
453.933,20,892.2
453.966,20,892.2
454,20,892.2
454.033,20,892
454.066,20,891.9
454.1,20,891.9
454.133,20,891.7
454.166,20,891.6
454.2,20,891.6
454.233,20,891.5
454.266,20,891.4
454.3,20,891.4
454.333,20,891.2
454.366,20,891.2
454.4,20,891.1
454.433,20,890.9
454.466,20,890.9
454.5,20,890.8
454.533,20,890.6
454.566,20,890.6
454.6,20,890.5
454.633,20,890.4
454.666,20,890.4
454.7,20,890.3
454.733,20,890.1
454.766,20,890.1
454.8,20,890.1
454.833,20,889.9
454.866,20,889.9
454.9,20,889.8
454.933,20,889.6
454.966,20,889.6
455,20,889.4
455.033,20,889.3
455.066,20,889.3
455.1,20,889.2
455.133,20,889
455.166,20,889
455.2,20,888.9
455.233,20,888.8
455.266,20,888.8
455.3,20,888.6
455.333,20,888.5
455.366,20,888.5
455.4,20,888.4
455.433,20,888.4
455.466,20,888.3
455.5,20,888.1
455.533,20,888.1
455.566,20,888
455.6,20,887.8
455.633,20,887.8
455.666,20,887.7
455.7,20,887.6
455.733,20,887.6
455.766,20,887.5
455.8,20,887.3
455.833,20,887.3
455.866,20,887.2
455.9,20,887.1
455.933,20,887.1
455.966,20,886.9
456,20,886.8
456.033,20,886.8
456.066,20,886.7
456.1,20,886.6
456.133,20,886.6
456.166,20,886.4
456.2,20,886.3
456.233,20,886.3
456.266,20,886.2
456.3,20,886.1
456.333,20,886.1
456.366,20,885.9
456.4,20,885.8
456.433,20,885.8
456.467,20,885.6
456.5,20,0
456.533,20,885.5
456.566,20,885.4
456.6,20,885.4
456.633,20,885.2
456.666,20,885.1
456.7,20,885.1
456.733,20,884.9
456.766,20,884.9
456.8,20,884.9
456.833,20,884.7
456.866,20,884.6
456.9,20,884.6
456.933,20,884.5
456.966,20,884.3
457,20,884.3
457.033,20,884.2
457.066,20,884
457.1,20,884
457.133,20,883.9
457.167,20,883.8
457.2,20,883.8
457.233,20,883.6
457.266,20,883.6
457.3,20,883.6
457.333,20,883.4
457.366,20,883.3
457.4,20,883.3
457.433,20,883.1
457.466,20,883
457.5,20,883
457.533,20,882.9
457.566,20,882.7
457.6,20,882.7
457.633,20,882.7
457.666,20,882.7
457.7,20,882.5
457.733,20,882.4
457.766,20,882.4
457.8,20,882.2
457.833,20,882.1
457.866,20,882.1
457.9,20,881.9
457.933,20,881.9
457.966,20,881.9
458,20,881.7
458.033,20,881.6
458.066,20,881.6
458.1,20,881.4
458.133,20,881.3
458.167,20,881.3
458.2,20,881.2
458.233,20,881.1
458.267,20,881.1
458.3,20,880.9
458.333,20,880.8
458.366,20,880.8
458.4,20,880.7
458.433,20,880.5
458.466,20,880.5
458.5,20,880.4
458.533,20,880.3
458.567,20,880.3
458.6,20,880.2
458.633,20,880
458.666,20,880
458.7,20,879.9
458.733,20,879.9
458.767,20,879.8
458.8,20,879.7
458.833,20,879.7
458.866,20,879.5
458.9,20,879.4
458.933,20,879.4
458.966,20,879.2
459,20,879.1
459.033,20,879.1
459.067,20,878.9
459.1,20,878.9
459.133,20,878.9
459.166,20,878.7
459.2,20,878.6
459.233,20,878.6
459.266,20,878.5
459.3,20,878.4
459.333,20,878.4
459.367,20,878.2
459.4,20,878.1
459.433,20,878.1
459.466,20,877.9
459.5,20,877.8
459.533,20,877.8
459.566,20,877.7
459.6,20,877.6
459.633,20,877.6
459.667,20,877.4
459.7,20,877.3
459.733,20,877.3
459.766,20,877.2
459.8,20,877.2
459.833,20,877
459.866,20,876.9
459.9,20,876.9
459.933,20,876.7
459.966,20,876.6
460,20,876.6
460.033,20,876.5
460.066,20,876.3
460.1,20,876.3
460.133,20,876.2
460.166,20,876
460.2,20,876
460.233,20,876
460.267,20,875.8
460.3,20,875.8
460.333,20,875.7
460.366,20,875.6
460.4,20,875.6
460.433,20,875.4
460.467,20,875.3
460.5,20,875.3
460.533,20,875.2
460.566,20,875
460.6,20,875
460.633,20,874.9
460.667,20,874.8
460.7,20,874.8
460.733,20,874.7
460.766,20,874.6
460.8,20,874.6
460.833,20,874.4
460.866,20,874.4
460.9,20,874.3
460.933,20,874.2
460.967,20,874.2
461,20,874
461.033,20,873.9
461.066,20,873.9
461.1,20,873.8
461.133,20,873.6
461.167,20,873.6
461.2,20,873.5
461.233,20,873.3
461.266,20,873.3
461.3,20,873.2
461.333,20,873.1
461.366,20,873.1
461.4,20,873
461.433,20,872.9
461.466,20,872.9
461.5,20,872.7
461.533,20,872.5
461.567,20,872.5
461.6,20,872.4
461.633,20,872.3
461.667,20,872.3
461.7,20,872.3
461.733,20,872
461.767,20,872
461.8,20,871.9
461.833,20,871.8
461.866,20,871.8
461.9,20,871.7
461.933,20,871.7
461.967,20,871.5
462,20,871.5
462.033,20,871.5
462.066,20,871.3
462.1,20,871.1
462.133,20,871.1
462.166,20,871.1
462.2,20,870.9
462.233,20,870.9
462.267,20,870.8
462.3,20,870.6
462.333,20,870.6
462.367,20,870.5
462.4,20,870.4
462.433,20,870.4
462.467,20,870.3
462.5,20,870.2
462.533,20,870.2
462.566,20,870
462.6,20,870
462.633,20,870
462.666,20,869.8
462.7,20,869.6
462.733,20,869.6
462.766,20,869.5
462.8,20,869.4
462.833,20,869.4
462.867,20,869.3
462.9,20,869.1
462.933,20,869.1
462.966,20,869
463,20,869
463.033,20,868.8
463.067,20,868.7
463.1,20,868.7
463.133,20,868.6
463.166,20,868.5
463.2,20,868.5
463.233,20,868.4
463.266,20,868.2
463.3,20,868.2
463.333,20,868.1
463.366,20,867.9
463.4,20,867.9
463.433,20,867.9
463.466,20,867.8
463.5,20,867.8
463.533,20,867.5
463.566,20,867.4
463.6,20,867.4
463.633,20,867.3
463.667,20,867.1
463.7,20,867.1
463.733,20,867.1
463.766,20,866.9
463.8,20,866.9
463.833,20,866.8
463.866,20,866.6
463.9,20,866.6
463.933,20,866.6
463.966,20,866.4
464,20,866.4
464.033,20,866.2
464.066,20,866.2
464.1,20,866.1
464.133,20,866
464.166,20,866
464.2,20,865.9
464.233,20,865.7
464.267,20,865.7
464.3,20,865.6
464.333,20,865.4
464.367,20,865.4
464.4,20,865.3
464.433,20,865.2
464.466,20,865.2
464.5,20,865.1
464.533,20,864.9
464.567,20,864.9
464.6,20,864.8
464.633,20,864.7
464.666,20,864.7
464.7,20,864.5
464.733,20,864.4
464.767,20,864.4
464.8,20,864.3
464.833,20,864.2
464.867,20,864.2
464.9,20,864
464.933,20,863.9
464.966,20,863.9
465,20,863.8
465.033,20,863.6
465.066,20,863.6
465.1,20,863.5
465.133,20,863.5
465.166,20,863.4
465.2,20,863.3
465.233,20,863.3
465.267,20,863.2
465.3,20,863
465.333,20,863
465.367,20,862.9
465.4,20,862.8
465.433,20,862.8
465.466,20,862.6
465.5,20,862.5
465.533,20,862.5
465.566,20,862.4
465.6,20,862.2
465.633,20,862.2
465.667,20,862
465.7,20,862
465.733,20,862
465.767,20,861.9
465.8,20,861.8
465.833,20,861.8
465.867,20,861.6
465.9,20,861.5
465.933,20,861.5
465.966,20,861.3
466,20,861.2
466.033,20,861.2
466.067,20,861.2
466.1,20,861
466.133,20,861
466.166,20,860.8
466.2,20,860.8
466.233,20,860.7
466.266,20,860.5
466.3,20,860.5
466.333,20,860.5
466.367,20,860.3
466.4,20,860.3
466.433,20,860.1
466.467,20,860.1
466.5,20,860.1
466.533,20,860
466.566,20,859.8
466.6,20,859.8
466.633,20,859.7
466.667,20,859.5
466.7,20,859.5
466.733,20,859.3
466.766,20,859.3
466.8,20,859.3
466.833,20,859.1
466.867,20,859
466.9,20,859
466.933,20,858.8
466.967,20,858.7
467,20,858.7
467.033,20,858.6
467.067,20,858.5
467.1,20,858.5
467.133,20,858.4
467.167,20,858.2
467.2,20,858.2
467.233,20,858.1
467.267,20,858.1
467.3,20,857.9
467.333,20,857.8
467.367,20,857.8
467.4,20,857.7
467.433,20,857.6
467.467,20,857.6
467.5,20,857.5
467.533,20,857.3
467.566,20,857.3
467.6,20,857.2
467.633,20,857
467.667,20,857
467.7,20,856.9
467.733,20,856.8
467.767,20,856.8
467.8,20,856.6
467.833,20,856.5
467.867,20,856.5
467.9,20,856.3
467.933,20,856.3
467.967,20,856.3
468,20,856.2
468.033,20,856
468.067,20,856
468.1,20,855.9
468.133,20,855.8
468.167,20,855.8
468.2,20,855.6
468.233,20,855.4
468.267,20,855.4
468.3,20,855.4
468.333,20,855.4
468.366,20,855.3
468.4,20,855.2
468.433,20,855.2
468.467,20,855
468.5,20,854.8
468.533,20,854.8
468.567,20,854.7
468.6,20,854.6
468.633,20,854.6
468.667,20,854.5
468.7,20,854.4
468.733,20,854.4
468.767,20,854.3
468.8,20,854.1
468.833,20,854.1
468.867,20,853.9
468.9,20,853.8
468.933,20,853.8
468.966,20,853.7
469,20,853.6
469.033,20,853.6
469.067,20,853.5
469.1,20,853.3
469.133,20,853.3
469.167,20,853.2
469.2,20,853.1
469.233,20,853.1
469.267,20,853
469.3,20,852.8
469.333,20,852.8
469.367,20,852.6
469.4,20,852.5
469.433,20,852.5
469.467,20,852.4
469.5,20,852.4
469.533,20,852.3
469.567,20,852.1
469.6,20,852.1
469.633,20,852
469.667,20,851.9
469.7,20,851.9
469.733,20,851.7
469.767,20,851.5
469.8,20,851.5
469.833,20,851.5
469.867,20,851.3
469.9,20,851.3
469.933,20,851.2
469.967,20,851.1
470,20,851.1
470.033,20,850.9
470.067,20,850.7
470.1,20,850.7
470.133,20,850.7
470.167,20,850.5
470.2,20,850.5
470.233,20,850.4
470.267,20,850.3
470.3,20,850.3
470.333,20,850.2
470.367,20,850
470.4,20,850
470.433,20,849.9
470.466,20,849.7
470.5,20,849.7
470.533,20,849.6
470.567,20,849.6
470.6,20,849.5
470.633,20,849.4
470.667,20,849.4
470.7,20,849.2
470.733,20,849.1
470.767,20,849.1
470.8,20,849
470.833,20,848.9
470.867,20,848.9
470.9,20,848.8
470.933,20,848.6
470.967,20,848.6
471,20,848.5
471.033,20,848.3
471.067,20,848.3
471.1,20,848.3
471.133,20,848.1
471.167,20,848.1
471.2,20,847.9
471.233,20,847.8
471.267,20,847.8
471.3,20,847.6
471.333,20,847.6
471.367,20,847.6
471.4,20,847.4
471.433,20,847.3
471.467,20,847.3
471.5,20,847.2
471.533,20,847.1
471.567,20,847.1
471.6,20,846.9
471.633,20,846.9
471.667,20,846.7
471.7,20,846.7
471.733,20,846.7
471.767,20,846.5
471.8,20,846.4
471.833,20,846.4
471.867,20,846.2
471.9,20,846.1
471.933,20,846.1
471.967,20,846
472,20,845.9
472.033,20,845.9
472.067,20,845.7
472.1,20,845.6
472.133,20,845.6
472.167,20,845.5
472.2,20,845.4
472.233,20,845.4
472.267,20,845.2
472.3,20,845.2
472.333,20,845.2
472.367,20,845
472.4,20,844.9
472.433,20,844.9
472.467,20,844.7
472.5,20,844.5
472.533,20,844.5
472.567,20,844.5
472.6,20,844.3
472.633,20,844.3
472.667,20,844.2
472.7,20,844.2
472.733,20,844
472.767,20,843.9
472.8,20,843.9
472.833,20,843.7
472.867,20,843.6
472.9,20,843.6
472.933,20,843.5
472.967,20,843.4
473,20,843.4
473.033,20,843.2
473.067,20,843.1
473.1,20,843.1
473.133,20,843
473.167,20,842.9
473.2,20,842.9
473.233,20,842.7
473.267,20,842.6
473.3,20,842.6
473.333,20,842.5
473.367,20,842.4
473.4,20,842.4
473.433,20,842.3
473.467,20,842.2
473.5,20,842.2
473.533,20,842
473.567,20,841.9
473.6,20,841.9
473.633,20,841.7
473.667,20,841.7
473.7,20,841.7
473.733,20,841.5
473.767,20,841.5
473.8,20,841.4
473.833,20,841.2
473.867,20,841.2
473.9,20,841
473.933,20,840.9
473.967,20,840.9
474,20,840.7
474.033,20,840.7
474.067,20,840.7
474.1,20,840.6
474.133,20,840.4
474.167,20,840.4
474.2,20,840.3
474.233,20,840.2
474.267,20,840.2
474.3,20,840.1
474.333,20,839.9
474.367,20,839.9
474.4,20,839.8
474.433,20,839.6
474.467,20,839.6
474.5,20,839.5
474.533,20,839.3
474.567,20,839.3
474.6,20,839.2
474.633,20,839.1
474.667,20,839.1
474.7,20,839
474.733,20,838.8
474.767,20,838.8
474.8,20,838.7
474.833,20,838.7
474.867,20,838.5
474.9,20,838.5
474.933,20,838.5
474.967,20,838.3
475,20,838.2
475.033,20,838.2
475.067,20,838.1
475.1,20,837.9
475.133,20,837.9
475.167,20,837.8
475.2,20,837.7
475.233,20,837.7
475.267,20,837.5
475.3,20,837.4
475.333,20,837.4
475.367,20,837.2
475.4,20,837.2
475.433,20,837.2
475.467,20,837
475.5,20,836.9
475.533,20,836.9
475.567,20,836.8
475.6,20,836.7
475.633,20,836.7
475.667,20,836.4
475.7,20,836.4
475.733,20,836.4
475.767,20,836.2
475.8,20,836.2
475.833,20,836.2
475.867,20,836
475.9,20,836
475.933,20,835.9
475.967,20,835.7
476,20,835.7
476.033,20,835.6
476.067,20,835.4
476.1,20,835.4
476.133,20,835.4
476.167,20,835.2
476.2,20,835.2
476.233,20,835
476.267,20,835
476.3,20,835
476.333,20,834.8
476.367,20,834.7
476.4,20,834.7
476.433,20,834.5
476.467,20,834.5
476.5,20,834.5
476.533,20,834.3
476.567,20,834.1
476.6,20,834.1
476.633,20,834
476.667,20,833.9
476.7,20,833.9
476.733,20,833.8
476.767,20,833.6
476.8,20,833.6
476.833,20,833.5
476.867,20,833.4
476.9,20,833.4
476.933,20,833.3
476.967,20,833.3
477,20,833.1
477.033,20,833
477.067,20,833
477.1,20,832.9
477.133,20,832.8
477.167,20,832.8
477.2,20,832.6
477.233,20,832.4
477.267,20,832.4
477.3,20,832.3
477.333,20,832.2
477.367,20,832.2
477.4,20,832.1
477.433,20,831.9
477.467,20,831.9
477.5,20,831.9
477.533,20,831.7
477.567,20,831.7
477.6,20,831.6
477.633,20,831.4
477.667,20,831.4
477.7,20,831.3
477.733,20,831.2
477.767,20,831.2
477.8,20,831.1
477.833,20,830.9
477.867,20,830.9
477.9,20,830.7
477.933,20,830.6
477.967,20,830.6
478,20,830.5
478.033,20,830.5
478.067,20,830.4
478.1,20,830.3
478.133,20,830.3
478.167,20,830.1
478.2,20,830
478.234,20,830
478.267,20,829.9
478.3,20,829.7
478.333,20,829.7
478.367,20,829.7
478.4,20,829.5
478.433,20,829.5
478.467,20,829.3
478.5,20,829.3
478.533,20,829.3
478.567,20,829.1
478.6,20,828.9
478.633,20,828.9
478.667,20,828.8
478.7,20,828.7
478.733,20,828.7
478.767,20,828.5
478.8,20,828.5
478.834,20,828.5
478.867,20,828.3
478.9,20,828.1
478.933,20,828.1
478.967,20,828.1
479,20,827.9
479.034,20,827.9
479.067,20,827.7
479.1,20,827.6
479.134,20,827.6
479.167,20,827.5
479.2,20,827.5
479.233,20,827.4
479.267,20,827.3
479.3,20,827.3
479.333,20,827.2
479.367,20,827
479.4,20,827
479.433,20,826.9
479.467,20,826.8
479.5,20,826.8
479.534,20,826.6
479.567,20,826.5
479.6,20,826.5
479.633,20,826.4
479.667,20,826.2
479.7,20,826.2
479.734,20,826.2
479.767,20,826
479.8,20,826
479.833,20,825.9
479.867,20,825.7
479.9,20,825.7
479.933,20,825.7
479.967,20,825.5
480,20,825.5
480.033,20,825.4
480.067,20,825.2
480.1,20,825.2
480.133,20,825.2
480.167,20,825
480.2,20,825
480.233,20,824.8
480.267,20,824.8
480.3,20,824.7
480.333,20,824.6
480.367,20,824.6
480.4,20,824.4
480.433,20,824.3
480.467,20,824.3
480.5,20,824.2
480.533,20,824
480.567,20,824
480.6,20,823.9
480.634,20,823.8
480.667,20,823.8
480.7,20,823.7
480.733,20,823.6
480.767,20,823.6
480.8,20,823.4
480.834,20,823.3
480.867,20,823.3
480.9,20,823.1
480.933,20,823
480.967,20,823
481,20,822.9
481.034,20,822.8
481.067,20,822.8
481.1,20,822.6
481.133,20,822.5
481.167,20,822.5
481.2,19.981,822.4
481.233,13.313,822.3
481.267,6.665,822.3
481.3,0,822.2
481.333,0,822.2
481.367,0,822.1
481.4,0,822.1
481.434,0,822.1
481.467,0,822.1
481.5,0,822.1
481.534,0,822.1
481.567,0,822
481.6,0,822
481.633,0,822
481.667,0,822.1
481.7,0,822.1
481.734,0,822.1
481.767,0,822.2
481.8,0,822.2
481.833,0,822.2
481.867,0,822.1
481.9,0,822.1
481.934,0,822.1
481.967,0,822.1
482,0,822.1
482.033,0,822.1
482.067,0,822.1
482.1,0,822.1
482.134,0,822.1
482.167,0,822.1
482.2,0,822.1
482.234,0,822.1
482.267,0,822.1
482.3,0,822.1
482.333,0,822.1
482.367,0,822.1
482.4,0,822.1
482.433,0,822.1
482.467,0,822.1
482.5,0,822.1
482.534,0,822.1
482.567,0,822.1
482.6,0,822.1
482.634,0,822.2
482.667,0,822.2
482.7,0,822.2
482.733,0,822.2
482.767,0,822.2
482.8,0,822.2
482.834,0,822.2
482.867,0,822.2
482.9,0,822.2
482.934,0,822.2
482.967,0,822.2
483,0,822.2
483.034,0,822.1
483.067,0,822.1
483.1,0,822.1
483.134,0,822.1
483.167,0,822.1
483.2,0,822.1
483.233,0,822.1
483.267,0,822.1
483.3,0,822.1
483.334,0,822.1
483.367,0,822.1
483.4,0,822.1
483.434,0,822.1
483.467,0,822.1
483.5,0,822.1
483.534,0,822.1
483.567,0,822.1
483.6,0,822.2
483.634,0,822.1
483.667,0,822.1
483.7,0,822.1
483.734,0,822.1
483.767,0,822.1
483.8,0,822.1
483.833,0,822.1
483.867,0,822.1
483.9,0,822.1
483.933,0,822.1
483.967,0,822.1
484,0,822.1
484.034,0,822.1
484.067,0,822.1
484.1,0,822.1
484.134,0,822.1
484.167,0,822.1
484.2,0,822.1
484.234,0,822.1
484.267,0,822.1
484.3,0,822.1
484.333,0,822.1
484.367,0,822.1
484.4,0,822.1
484.434,0,822.1
484.467,0,822.1
484.5,0,822.1
484.533,0,822.1
484.567,0,822.1
484.6,0,822.2
484.633,0,822.2
484.667,0,822.1
484.7,0,822.1
484.734,0,822.1
484.767,0,822
484.8,0,822.1
484.834,0,822.1
484.867,0,822.1
484.9,0,822.1
484.934,0,822.1
484.967,0,822.1
485,0,822.1
485.034,0,822.1
485.067,0,822.1
485.1,0,822.1
485.134,0,822.1
485.167,0,822.1
485.2,0,822.1
485.233,0,822.1
485.267,0,822.1
485.3,0,822.1
485.333,0,822.1
485.367,0,822.1
485.4,0,822.1
485.433,0,822.1
485.467,0,822.1
485.5,0,822.1
485.534,0,822.1
485.567,0,822.1
485.6,0,822.1
485.633,0,822.1
485.667,0,822.1
485.7,0,822.1
485.734,0,822.1
485.767,0,822.1
485.8,0,822.1
485.833,0,822.1
485.867,0,822.1
485.9,0,822.1
485.934,0,822
485.967,0,822.1
486,0,822.1
486.034,0,822.1
486.067,0,822.1
486.1,0,822.1
486.134,0,822.1
486.167,0,822.1
486.2,0,822.1
486.233,0,822.1
486.267,0,822.1
486.3,0,822.1
486.333,0,822.1
486.367,0,822.1
486.4,0,822.1
486.434,0,822.1
486.467,0,822.1
486.5,0,822.1
486.534,0,822.1
486.567,0,822.1
486.6,0,822.1
486.634,0,822.1
486.667,0,822.1
486.7,0,822.1
486.734,0,822.1
486.767,0,822.1
486.8,0,822.1
486.833,0,822.1
486.867,0,822.1
486.9,0,822.1
486.934,0,822.1
486.967,0,822.1
487,0,822.1
487.034,0,822.1
487.067,0,822.1
487.1,0,822.1
487.133,0,822.1
487.167,0,822.1
487.2,0,822.1
487.233,0,822.1
487.267,0,822.1
487.3,0,822.1
487.334,0,822.1
487.367,0,822.1
487.4,0,822.1
487.434,0,822.1
487.467,0,822.1
487.5,0,822.1
487.534,0,822.1
487.567,0,822.1
487.6,0,822.1
487.634,0,822.1
487.667,0,822.1
487.7,0,822.1
487.734,0,822.1
487.767,0,822.1
487.8,0,822.1
487.834,0,822.1
487.867,0,822.1
487.9,0,822.1
487.933,0,822.1
487.967,0,822.1
488,0,822.1
488.034,0,822.1
488.067,0,822.1
488.1,0,822.1
488.133,0,822.1
488.167,0,822.1
488.2,0,822.1
488.234,0,822.1
488.267,0,822.1
488.3,0,822.1
488.334,0,822.1
488.367,0,822.1
488.4,0,822.1
488.434,0,822.1
488.467,0,822.1
488.5,0,822.1
488.534,0,822.1
488.567,0,822.1
488.6,0,822.1
488.634,0,822.1
488.667,0,822.1
488.7,0,822.1
488.734,0,822.1
488.767,0,822.1
488.8,0,822.1
488.834,0,822.1
488.867,0,822.1
488.9,0,822.1
488.934,0,822.1
488.967,0,822.1
489,0,822.1
489.034,0,822.1
489.067,0,822.1
489.1,0,822.1
489.134,0,822.1
489.167,0,822.1
489.2,0,822.1
489.234,0,822.1
489.267,0,822.1
489.3,0,822.1
489.334,0,822.1
489.367,0,822.1
489.4,0,822.1
489.434,0,822.1
489.467,0,822.1
489.5,0,822.1
489.534,0,822.1
489.567,0,822.1
489.6,0,822.1
489.634,0,822.1
489.667,0,822.1
489.7,0,822.1
489.734,0,822.1
489.767,0,822.1
489.8,0,822.1
489.834,0,822.1
489.867,0,822
489.9,0,822
489.934,0,822.1
489.967,0,822.1
490,0,822.1
490.034,0,822.1
490.067,0,822.1
490.1,0,822.1
490.134,0,822.1
490.167,0,822.1
490.2,0,822.1
490.234,0,822.1
490.267,0,822.1
490.3,0,822.1
490.334,0,822.1
490.367,0,822.1
490.4,0,822.1
490.434,0,822.1
490.467,0,822.1
490.5,0,822.1
490.534,0,822.1
490.567,0,822.1
490.6,0,822.1
490.634,0,822.1
490.667,0,822.1
490.7,0,822.1
490.734,0,822.1
490.767,0,822.1
490.8,0,822.1
490.834,0,822.1
490.867,0,822.1
490.9,0,822.1
490.934,0,822.1
490.967,0,822.1
491,0,822.1
491.034,0,822.1
491.067,0,822.1
491.1,0,822.1
491.134,0,822.1
491.167,0,822.1
491.2,0,822.1
491.234,0,822.1
491.267,0,822.1
491.3,0.5,822.1
